Jan,01,0,0,0,-17,-106
Jan,02,0,0,0,-50,-133
Jan,03,0,0,0,11,-117
Jan,04,0,0,0,72,-22
Jan,05,0,0,0,144,61
Jan,06,0,0,0,228,133
Jan,07,0,0,0,228,117
Jan,08,396,0,0,189,28
Jan,09,0,0,0,72,0
Jan,10,28,0,0,78,6
Jan,11,0,0,0,67,-17
Jan,12,0,0,0,122,-17
Jan,13,0,0,0,17,-22
Jan,14,0,0,0,22,-61
Jan,15,0,0,0,22,-89
Jan,16,0,0,0,78,-39
Jan,17,0,0,0,39,-56
Jan,18,0,0,0,61,-89
Jan,19,0,0,0,-72,-139
Jan,20,0,0,0,-56,-150
Jan,21,3,0,3,44,-89
Jan,22,0,0,3,11,-72
Jan,23,0,0,0,39,-94
Jan,24,0,0,0,-61,-144
Jan,25,0,0,0,-17,-128
Jan,26,0,0,0,122,-17
Jan,27,0,0,0,150,-33
Jan,28,0,0,0,133,0
Jan,29,0,0,3,228,-94
Jan,30,0,0,0,-11,-117
Jan,31,76,0,99,-11,-50
Feb,01,81,203,114,-6,-67
Feb,02,0,152,0,89,-56
Feb,03,36,25,0,44,-67
Feb,04,0,25,0,239,22
Feb,05,599,0,0,200,17
Feb,06,15,0,8,28,6
Feb,07,0,0,0,39,-6
Feb,08,3,0,0,100,-6
Feb,09,0,0,0,139,-6
Feb,10,0,0,0,-6,-100
Feb,11,10,0,5,-67,-111
Feb,12,0,0,0,-50,-89
Feb,13,0,0,0,6,-117
Feb,14,0,0,0,122,-39
Feb,15,0,0,0,50,-39
Feb,16,117,0,0,28,-56
Feb,17,160,0,0,133,22
Feb,18,0,0,0,28,-72
Feb,19,0,0,0,0,-106
Feb,20,0,0,0,0,-94
Feb,21,86,0,23,-39,-83
Feb,22,5,25,5,-28,-50
Feb,23,0,25,0,33,-33
Feb,24,25,51,43,39,-11
Feb,25,13,0,0,50,17
Feb,26,8,0,5,22,-28
Feb,27,0,0,5,28,-39
Feb,28,10,0,0,39,-67
Feb,29,0,0,0,111,-6
Mar,01,0,0,0,172,0
Mar,02,0,0,0,256,56
Mar,03,188,0,0,189,-22
Mar,04,185,0,254,11,-83
Mar,05,0,254,0,67,-111
Mar,06,0,127,0,22,-22
Mar,07,0,76,0,6,-50
Mar,08,0,51,0,11,-94
Mar,09,0,25,0,100,-33
Mar,10,0,0,0,67,-17
Mar,11,0,0,0,150,-28
Mar,12,0,0,0,217,22
Mar,13,10,0,0,156,61
Mar,14,0,0,0,156,78
Mar,15,53,0,0,111,39
Mar,16,0,0,0,89,17
Mar,17,216,0,0,106,50
Mar,18,625,0,0,139,67
Mar,19,79,0,0,83,33
Mar,20,0,0,0,161,17
Mar,21,0,0,0,211,78
Mar,22,0,0,0,78,0
Mar,23,10,0,0,50,-11
Mar,24,0,0,0,89,-28
Mar,25,0,0,0,178,50
Mar,26,315,0,0,167,56
Mar,27,56,0,0,172,33
Mar,28,0,0,0,89,17
Mar,29,0,0,0,106,0
Mar,30,84,0,0,167,72
Mar,31,310,0,0,189,106
Apr,01,0,0,0,106,33
Apr,02,0,0,0,128,6
Apr,03,208,0,0,111,56
Apr,04,0,0,0,100,39
Apr,05,0,0,0,161,17
Apr,06,0,0,0,194,50
Apr,07,0,0,0,194,89
Apr,08,30,0,0,206,72
Apr,09,0,0,0,139,44
Apr,10,368,0,0,217,106
Apr,11,0,0,0,167,67
Apr,12,0,0,0,67,28
Apr,13,8,0,0,61,22
Apr,14,0,0,0,111,17
Apr,15,0,0,0,172,11
Apr,16,0,0,0,233,89
Apr,17,0,0,0,256,150
Apr,18,163,0,0,183,89
Apr,19,8,0,0,144,83
Apr,20,0,0,0,222,106
Apr,21,0,0,0,256,106
Apr,22,15,0,0,261,150
Apr,23,0,0,0,272,150
Apr,24,36,0,0,228,183
Apr,25,89,0,0,267,89
Apr,26,0,0,0,178,61
Apr,27,18,0,0,144,67
Apr,28,13,0,0,117,33
Apr,29,0,0,0,144,17
Apr,30,0,0,0,267,78
May,01,0,0,0,228,183
May,02,58,0,0,250,150
May,03,0,0,0,167,83
May,04,0,0,0,217,56
May,05,0,0,0,256,89
May,06,0,0,0,256,122
May,07,315,0,0,222,161
May,08,183,0,0,161,128
May,09,53,0,0,156,106
May,10,236,0,0,194,78
May,11,71,0,0,172,78
May,12,0,0,0,206,44
May,13,104,0,0,217,111
May,14,10,0,0,200,128
May,15,56,0,0,150,94
May,16,0,0,0,222,67
May,17,0,0,0,278,156
May,18,0,0,0,228,128
May,19,0,0,0,239,117
May,20,0,0,0,200,117
May,21,0,0,0,233,100
May,22,41,0,0,178,128
May,23,64,0,0,233,133
May,24,8,0,0,200,144
May,25,409,0,0,250,156
May,26,556,0,0,272,183
May,27,157,0,0,250,117
May,28,0,0,0,222,106
May,29,0,0,0,267,111
May,30,376,0,0,317,200
May,31,56,0,0,311,200
Jun,01,0,0,0,311,183
Jun,02,0,0,0,289,189
Jun,03,61,0,0,311,217
Jun,04,51,0,0,311,200
Jun,05,0,0,0,322,233
Jun,06,51,0,0,294,217
Jun,07,3,0,0,333,250
Jun,08,0,0,0,339,250
Jun,09,15,0,0,289,200
Jun,10,0,0,0,300,183
Jun,11,0,0,0,306,211
Jun,12,0,0,0,339,239
Jun,13,46,0,0,267,194
Jun,14,0,0,0,306,183
Jun,15,0,0,0,328,200
Jun,16,0,0,0,289,167
Jun,17,0,0,0,272,139
Jun,18,0,0,0,289,156
Jun,19,0,0,0,300,189
Jun,20,147,0,0,278,189
Jun,21,0,0,0,306,189
Jun,22,3,0,0,278,183
Jun,23,0,0,0,289,172
Jun,24,71,0,0,283,178
Jun,25,0,0,0,339,228
Jun,26,3,0,0,306,206
Jun,27,30,0,0,317,222
Jun,28,0,0,0,272,217
Jun,29,0,0,0,244,194
Jun,30,0,0,0,283,167
Jul,01,0,0,0,300,183
Jul,02,175,0,0,317,200
Jul,03,76,0,0,272,189
Jul,04,0,0,0,261,178
Jul,05,0,0,0,278,167
Jul,06,0,0,0,322,189
Jul,07,0,0,0,344,261
Jul,08,84,0,0,339,222
Jul,09,71,0,0,306,222
Jul,10,0,0,0,317,200
Jul,11,5,0,0,339,244
Jul,12,3,0,0,328,200
Jul,13,0,0,0,306,172
Jul,14,0,0,0,322,189
Jul,15,0,0,0,328,211
Jul,16,0,0,0,339,228
Jul,17,0,0,0,339,222
Jul,18,0,0,0,344,233
Jul,19,3,0,0,344,244
Jul,20,0,0,0,372,256
Jul,21,107,0,0,367,222
Jul,22,302,0,0,278,206
Jul,23,0,0,0,283,206
Jul,24,36,0,0,222,200
Jul,25,193,0,0,289,200
Jul,26,0,0,0,322,222
Jul,27,340,0,0,328,206
Jul,28,48,0,0,306,211
Jul,29,0,0,0,356,239
Jul,30,462,0,0,256,222
Jul,31,0,0,0,300,217
Aug,01,0,0,0,344,228
Aug,02,0,0,0,311,239
Aug,03,84,0,0,311,206
Aug,04,0,0,0,367,244
Aug,05,0,0,0,356,244
Aug,06,46,0,0,317,222
Aug,07,41,0,0,294,206
Aug,08,0,0,0,283,189
Aug,09,0,0,0,283,178
Aug,10,0,0,0,283,194
Aug,11,0,0,0,261,156
Aug,12,0,0,0,283,183
Aug,13,0,0,0,283,194
Aug,14,0,0,0,283,194
Aug,15,0,0,0,289,183
Aug,16,0,0,0,278,167
Aug,17,0,0,0,283,167
Aug,18,0,0,0,289,167
Aug,19,0,0,0,289,167
Aug,20,15,0,0,294,200
Aug,21,183,0,0,278,211
Aug,22,0,0,0,306,222
Aug,23,0,0,0,339,228
Aug,24,0,0,0,283,200
Aug,25,0,0,0,267,167
Aug,26,0,0,0,283,194
Aug,27,0,0,0,300,183
Aug,28,36,0,0,322,211
Aug,29,0,0,0,294,206
Aug,30,0,0,0,300,183
Aug,31,0,0,0,322,172
Sep,01,0,0,0,344,217
Sep,02,0,0,0,328,233
Sep,03,10,0,0,261,206
Sep,04,777,0,0,233,172
Sep,05,0,0,0,178,139
Sep,06,0,0,0,233,122
Sep,07,20,0,0,250,167
Sep,08,0,0,0,283,144
Sep,09,0,0,0,217,133
Sep,10,0,0,0,256,122
Sep,11,3,0,0,283,183
Sep,12,434,0,0,283,222
Sep,13,0,0,0,311,256
Sep,14,1163,0,0,267,144
Sep,15,0,0,0,172,144
Sep,16,0,0,0,228,133
Sep,17,0,0,0,267,128
Sep,18,0,0,0,272,144
Sep,19,0,0,0,283,167
Sep,20,0,0,0,228,167
Sep,21,0,0,0,250,172
Sep,22,0,0,0,283,161
Sep,23,0,0,0,300,150
Sep,24,0,0,0,300,178
Sep,25,0,0,0,289,167
Sep,26,0,0,0,272,150
Sep,27,0,0,0,272,133
Sep,28,0,0,0,289,161
Sep,29,74,0,0,233,156
Sep,30,0,0,0,194,111
Oct,01,0,0,0,194,100
Oct,02,0,0,0,189,78
Oct,03,0,0,0,233,94
Oct,04,0,0,0,239,100
Oct,05,0,0,0,272,122
Oct,06,0,0,0,267,139
Oct,07,56,0,0,211,144
Oct,08,0,0,0,211,106
Oct,09,0,0,0,244,100
Oct,10,0,0,0,256,106
Oct,11,0,0,0,283,144
Oct,12,0,0,0,289,161
Oct,13,0,0,0,239,206
Oct,14,0,0,0,217,167
Oct,15,94,0,0,256,111
Oct,16,0,0,0,161,78
Oct,17,0,0,0,172,56
Oct,18,0,0,0,167,72
Oct,19,0,0,0,189,56
Oct,20,0,0,0,211,83
Oct,21,0,0,0,167,83
Oct,22,0,0,0,167,100
Oct,23,137,0,0,122,78
Oct,24,25,0,0,122,67
Oct,25,0,0,0,161,50
Oct,26,0,0,0,178,56
Oct,27,0,0,0,83,22
Oct,28,0,0,0,106,-17
Oct,29,0,0,0,183,11
Oct,30,0,0,0,228,33
Oct,31,0,0,0,239,94
Nov,01,0,0,0,233,94
Nov,02,0,0,0,244,111
Nov,03,0,0,0,250,117
Nov,04,0,0,0,233,89
Nov,05,0,0,0,239,133
Nov,06,8,0,0,200,106
Nov,07,0,0,0,111,50
Nov,08,0,0,0,67,28
Nov,09,0,0,0,50,-22
Nov,10,0,0,0,56,-33
Nov,11,114,0,0,100,39
Nov,12,10,0,0,144,83
Nov,13,0,0,0,172,56
Nov,14,206,0,0,139,67
Nov,15,25,0,0,67,22
Nov,16,0,0,0,139,-11
Nov,17,0,0,0,67,-17
Nov,18,0,0,0,39,-39
Nov,19,0,0,0,150,6
Nov,20,0,0,0,33,-28
Nov,21,0,0,0,0,-67
Nov,22,0,0,0,33,-39
Nov,23,8,0,0,111,-56
Nov,24,0,0,0,117,44
Nov,25,0,0,0,67,-22
Nov,26,0,0,0,128,-33
Nov,27,0,0,0,139,-11
Nov,28,0,0,0,100,17
Nov,29,10,0,0,78,22
Nov,30,91,25,61,22,6
Dec,01,10,0,8,11,-22
Dec,02,0,0,0,89,-39
Dec,03,18,0,5,94,-39
Dec,04,0,0,0,6,-72
Dec,05,0,0,0,0,-89
Dec,06,3,0,3,72,-72
Dec,07,0,0,0,0,-94
Dec,08,10,0,0,117,0
Dec,09,91,0,0,128,-6
Dec,10,0,0,0,11,-39
Dec,11,0,0,0,39,-56
Dec,12,0,0,0,56,-6
Dec,13,0,0,0,94,6
Dec,14,69,0,0,161,-17
Dec,15,20,0,5,-17,-106
Dec,16,10,0,15,-56,-100
Dec,17,0,25,3,-33,-61
Dec,18,86,25,0,11,-50
Dec,19,71,0,0,128,-11
Dec,20,0,0,0,28,-89
Dec,21,0,0,0,-89,-150
Dec,22,0,0,0,-56,-156
Dec,23,254,0,0,33,-56
Dec,24,51,0,0,56,-56
Dec,25,0,0,0,17,-89
Dec,26,0,0,0,189,11
Dec,27,462,0,0,200,6
Dec,28,0,0,0,89,-11
Dec,29,0,0,0,139,11
Dec,30,0,0,0,189,-17
Dec,31,0,0,0,-11,-67
Jan,01,0,0,0,61,-56
Jan,02,0,0,0,83,-11
Jan,03,0,0,0,161,39
Jan,04,0,0,0,144,-50
Jan,05,0,0,0,-11,-72
Jan,06,3,0,0,6,-28
Jan,07,0,0,0,50,-11
Jan,08,0,0,0,17,-61
Jan,09,0,0,0,161,0
Jan,10,5,0,3,117,-50
Jan,11,0,0,0,56,-61
Jan,12,0,0,0,61,-50
Jan,13,0,0,0,22,-94
Jan,14,0,0,0,44,-144
Jan,15,0,0,0,-106,-178
Jan,16,0,0,0,-89,-178
Jan,17,0,0,0,72,-89
Jan,18,0,0,0,33,6
Jan,19,0,0,0,11,-78
Jan,20,0,0,3,-11,-78
Jan,21,0,0,0,89,-72
Jan,22,0,0,0,144,-39
Jan,23,0,0,0,67,-44
Jan,24,0,0,0,-44,-122
Jan,25,18,0,23,-78,-106
Jan,26,43,25,25,-67,-94
Jan,27,107,51,89,-72,-83
Jan,28,20,152,36,-28,-111
Jan,29,0,152,0,22,-61
Jan,30,0,102,0,11,-67
Jan,31,0,76,0,128,-83
Feb,01,0,25,0,83,6
Feb,02,0,0,0,44,-33
Feb,03,0,0,0,-6,-133
Feb,04,0,0,0,-39,-128
Feb,05,0,0,0,72,-78
Feb,06,0,0,0,189,-11
Feb,07,0,0,0,211,122
Feb,08,0,0,0,144,11
Feb,09,25,0,0,217,44
Feb,10,112,0,0,217,111
Feb,11,310,0,0,139,39
Feb,12,0,0,0,139,17
Feb,13,3,0,0,106,39
Feb,14,0,0,0,50,-33
Feb,15,0,0,0,33,-44
Feb,16,0,0,0,50,-67
Feb,17,0,0,0,72,-6
Feb,18,0,0,0,122,-11
Feb,19,0,0,0,-6,-72
Feb,20,0,0,0,67,-67
Feb,21,8,0,3,83,-33
Feb,22,0,0,0,17,-72
Feb,23,0,0,0,33,-72
Feb,24,0,0,0,94,-11
Feb,25,0,0,0,211,17
Feb,26,135,0,0,200,67
Feb,27,0,0,0,67,-6
Feb,28,0,0,0,0,-39
Mar,01,0,0,0,6,-50
Mar,02,0,0,0,0,-67
Mar,03,0,0,0,22,-83
Mar,04,0,0,0,150,-33
Mar,05,0,0,0,206,67
Mar,06,0,0,0,278,161
Mar,07,0,0,0,250,172
Mar,08,0,0,0,239,50
Mar,09,18,0,0,133,28
Mar,10,124,0,0,267,11
Mar,11,0,0,0,28,-33
Mar,12,0,0,0,17,-44
Mar,13,0,0,0,89,-44
Mar,14,0,0,0,139,-6
Mar,15,0,0,0,161,39
Mar,16,0,0,0,211,78
Mar,17,0,0,0,261,100
Mar,18,74,0,0,211,94
Mar,19,0,0,0,144,50
Mar,20,0,0,0,139,11
Mar,21,10,0,0,156,61
Mar,22,0,0,0,206,94
Mar,23,0,0,0,239,133
Mar,24,137,0,0,211,111
Mar,25,0,0,0,156,56
Mar,26,0,0,0,172,83
Mar,27,0,0,0,133,56
Mar,28,290,0,0,72,17
Mar,29,94,51,46,100,6
Mar,30,0,0,0,189,0
Mar,31,25,0,0,167,72
Apr,01,0,0,0,183,44
Apr,02,61,0,0,167,56
Apr,03,0,0,0,150,33
Apr,04,0,0,0,189,33
Apr,05,23,0,0,194,28
Apr,06,10,0,3,61,17
Apr,07,0,0,0,117,6
Apr,08,0,0,0,172,22
Apr,09,282,0,0,144,17
Apr,10,84,0,0,106,61
Apr,11,0,0,0,150,11
Apr,12,33,0,0,122,33
Apr,13,127,0,0,111,61
Apr,14,0,0,0,89,56
Apr,15,0,0,0,172,22
Apr,16,0,0,0,172,56
Apr,17,0,0,0,233,72
Apr,18,58,0,0,217,122
Apr,19,114,0,0,172,111
Apr,20,3,0,0,189,67
Apr,21,0,0,0,167,50
Apr,22,0,0,0,239,67
Apr,23,0,0,0,283,100
Apr,24,0,0,0,322,211
Apr,25,0,0,0,306,222
Apr,26,0,0,0,300,211
Apr,27,114,0,0,239,183
Apr,28,3,0,0,183,117
Apr,29,107,0,0,239,133
Apr,30,13,0,0,211,167
May,01,41,0,0,183,100
May,02,3,0,0,194,106
May,03,0,0,0,189,117
May,04,0,0,0,217,106
May,05,5,0,0,244,111
May,06,25,0,0,211,156
May,07,36,0,0,272,156
May,08,170,0,0,228,167
May,09,0,0,0,200,128
May,10,0,0,0,189,94
May,11,0,0,0,228,128
May,12,0,0,0,233,100
May,13,33,0,0,289,178
May,14,0,0,0,239,161
May,15,119,0,0,300,172
May,16,8,0,0,178,100
May,17,0,0,0,189,72
May,18,0,0,0,217,83
May,19,0,0,0,272,128
May,20,0,0,0,278,133
May,21,0,0,0,300,156
May,22,0,0,0,300,189
May,23,8,0,0,289,206
May,24,8,0,0,294,206
May,25,511,0,0,244,183
May,26,18,0,0,283,206
May,27,102,0,0,294,189
May,28,61,0,0,194,156
May,29,0,0,0,272,139
May,30,53,0,0,311,161
May,31,0,0,0,272,139
Jun,01,0,0,0,333,200
Jun,02,234,0,0,311,200
Jun,03,33,0,0,206,150
Jun,04,0,0,0,222,122
Jun,05,0,0,0,261,117
Jun,06,0,0,0,278,167
Jun,07,3,0,0,267,183
Jun,08,53,0,0,300,194
Jun,09,5,0,0,244,167
Jun,10,290,0,0,306,200
Jun,11,36,0,0,283,189
Jun,12,0,0,0,239,172
Jun,13,0,0,0,294,178
Jun,14,0,0,0,267,189
Jun,15,472,0,0,250,194
Jun,16,404,0,0,278,200
Jun,17,0,0,0,339,217
Jun,18,0,0,0,344,256
Jun,19,53,0,0,350,239
Jun,20,18,0,0,328,233
Jun,21,0,0,0,344,244
Jun,22,0,0,0,361,267
Jun,23,0,0,0,356,261
Jun,24,0,0,0,350,233
Jun,25,0,0,0,356,261
Jun,26,0,0,0,344,256
Jun,27,5,0,0,367,233
Jun,28,25,0,0,294,217
Jun,29,0,0,0,328,189
Jun,30,0,0,0,306,194
Jul,01,0,0,0,278,189
Jul,02,0,0,0,289,183
Jul,03,0,0,0,300,178
Jul,04,452,0,0,250,200
Jul,05,20,0,0,244,194
Jul,06,0,0,0,294,178
Jul,07,0,0,0,311,194
Jul,08,0,0,0,317,211
Jul,09,0,0,0,328,211
Jul,10,0,0,0,306,239
Jul,11,0,0,0,322,250
Jul,12,229,0,0,261,200
Jul,13,0,0,0,294,178
Jul,14,0,0,0,278,200
Jul,15,91,0,0,306,222
Jul,16,188,0,0,317,211
Jul,17,0,0,0,256,172
Jul,18,0,0,0,228,172
Jul,19,0,0,0,261,178
Jul,20,0,0,0,289,150
Jul,21,0,0,0,256,194
Jul,22,0,0,0,261,183
Jul,23,0,0,0,306,172
Jul,24,0,0,0,328,189
Jul,25,0,0,0,300,228
Jul,26,0,0,0,294,194
Jul,27,0,0,0,311,194
Jul,28,64,0,0,339,211
Jul,29,20,0,0,278,194
Jul,30,3,0,0,278,206
Jul,31,0,0,0,283,172
Aug,01,23,0,0,261,194
Aug,02,0,0,0,283,183
Aug,03,0,0,0,339,194
Aug,04,0,0,0,311,233
Aug,05,0,0,0,317,217
Aug,06,0,0,0,300,189
Aug,07,0,0,0,317,211
Aug,08,0,0,0,361,244
Aug,09,0,0,0,367,261
Aug,10,64,0,0,311,222
Aug,11,0,0,0,311,217
Aug,12,0,0,0,294,200
Aug,13,0,0,0,306,183
Aug,14,0,0,0,317,189
Aug,15,0,0,0,328,222
Aug,16,28,0,0,328,239
Aug,17,300,0,0,322,217
Aug,18,0,0,0,283,206
Aug,19,15,0,0,339,228
Aug,20,170,0,0,272,194
Aug,21,5,0,0,278,178
Aug,22,0,0,0,250,150
Aug,23,0,0,0,256,150
Aug,24,0,0,0,267,150
Aug,25,0,0,0,294,178
Aug,26,0,0,0,317,200
Aug,27,0,0,0,322,222
Aug,28,25,0,0,250,200
Aug,29,0,0,0,267,150
Aug,30,0,0,0,200,122
Aug,31,0,0,0,228,144
Sep,01,0,0,0,239,111
Sep,02,0,0,0,250,133
Sep,03,0,0,0,283,133
Sep,04,0,0,0,278,178
Sep,05,376,0,0,233,189
Sep,06,3,0,0,250,194
Sep,07,0,0,0,283,183
Sep,08,0,0,0,278,178
Sep,09,0,0,0,283,172
Sep,10,0,0,0,283,183
Sep,11,0,0,0,283,183
Sep,12,0,0,0,283,178
Sep,13,0,0,0,272,167
Sep,14,0,0,0,272,156
Sep,15,0,0,0,272,200
Sep,16,0,0,0,289,178
Sep,17,0,0,0,267,156
Sep,18,0,0,0,267,117
Sep,19,0,0,0,283,156
Sep,20,241,0,0,206,161
Sep,21,94,0,0,278,183
Sep,22,8,0,0,278,189
Sep,23,0,0,0,261,189
Sep,24,25,0,0,233,200
Sep,25,0,0,0,261,172
Sep,26,56,0,0,217,144
Sep,27,0,0,0,283,128
Sep,28,0,0,0,211,117
Sep,29,0,0,0,194,94
Sep,30,0,0,0,206,83
Oct,01,267,0,0,233,133
Oct,02,0,0,0,189,106
Oct,03,0,0,0,161,89
Oct,04,0,0,0,200,72
Oct,05,0,0,0,211,72
Oct,06,107,0,0,217,106
Oct,07,0,0,0,189,67
Oct,08,676,0,0,150,111
Oct,09,163,0,0,128,56
Oct,10,0,0,0,150,28
Oct,11,0,0,0,122,28
Oct,12,13,0,0,139,61
Oct,13,203,0,0,100,67
Oct,14,198,0,0,83,72
Oct,15,41,0,0,100,72
Oct,16,0,0,0,83,61
Oct,17,0,0,0,117,22
Oct,18,0,0,0,150,11
Oct,19,0,0,0,233,72
Oct,20,0,0,0,250,111
Oct,21,0,0,0,189,122
Oct,22,485,0,0,172,133
Oct,23,20,0,0,172,72
Oct,24,0,0,0,167,56
Oct,25,74,0,0,189,111
Oct,26,30,0,0,133,94
Oct,27,130,0,0,117,89
Oct,28,0,0,0,144,111
Oct,29,358,0,0,206,94
Oct,30,381,0,0,211,94
Oct,31,0,0,0,133,39
Nov,01,0,0,0,167,28
Nov,02,0,0,0,211,78
Nov,03,0,0,0,139,50
Nov,04,0,0,0,178,67
Nov,05,0,0,0,161,22
Nov,06,0,0,0,222,83
Nov,07,0,0,0,256,133
Nov,08,0,0,0,244,139
Nov,09,0,0,0,206,133
Nov,10,0,0,0,144,106
Nov,11,0,0,0,167,50
Nov,12,0,0,0,150,17
Nov,13,0,0,0,183,61
Nov,14,0,0,0,217,111
Nov,15,178,0,0,133,78
Nov,16,437,0,0,111,72
Nov,17,76,0,0,94,67
Nov,18,23,0,0,78,61
Nov,19,8,0,0,111,39
Nov,20,0,0,0,150,22
Nov,21,0,0,0,178,61
Nov,22,0,0,0,156,61
Nov,23,0,0,0,156,72
Nov,24,66,0,0,133,89
Nov,25,3,0,0,122,50
Nov,26,0,0,0,61,6
Nov,27,0,0,0,133,-6
Nov,28,0,0,0,228,44
Nov,29,0,0,0,144,50
Nov,30,0,0,0,89,39
Dec,01,0,0,0,139,39
Dec,02,66,0,0,61,11
Dec,03,0,0,0,39,-33
Dec,04,0,0,0,6,-56
Dec,05,0,0,0,50,-56
Dec,06,3,0,3,39,-39
Dec,07,0,0,0,39,6
Dec,08,145,0,0,61,6
Dec,09,5,0,0,67,-100
Dec,10,0,0,0,-22,-117
Dec,11,0,0,0,50,-61
Dec,12,117,0,0,50,-11
Dec,13,142,0,0,72,28
Dec,14,0,0,0,122,-11
Dec,15,0,0,0,-11,-67
Dec,16,0,0,0,33,-78
Dec,17,0,0,0,122,-33
Dec,18,10,0,3,72,0
Dec,19,5,0,3,6,-28
Dec,20,0,0,0,6,-33
Dec,21,0,0,0,28,-6
Dec,22,15,0,0,50,-6
Dec,23,279,0,0,111,44
Dec,24,241,0,0,111,78
Dec,25,20,0,8,111,-56
Dec,26,0,0,0,-6,-28
Dec,27,10,0,41,-11,-67
Dec,28,0,25,0,39,-56
Dec,29,0,0,0,-11,-61
Dec,30,20,0,28,22,-17
Dec,31,0,0,0,28,-72
Jan,01,8,0,8,-56,-117
Jan,02,0,0,0,-78,-150
Jan,03,0,0,0,-94,-139
Jan,04,0,0,0,-72,-156
Jan,05,0,0,0,-56,-156
Jan,06,30,0,36,-11,-133
Jan,07,18,76,33,-33,-139
Jan,08,0,51,3,-100,-139
Jan,09,0,51,3,-94,-178
Jan,10,0,51,0,-22,-172
Jan,11,0,51,0,0,-56
Jan,12,0,25,0,0,-94
Jan,13,0,25,0,100,-72
Jan,14,0,0,0,117,11
Jan,15,0,0,0,67,11
Jan,16,0,0,0,67,11
Jan,17,0,0,0,50,0
Jan,18,0,0,0,78,11
Jan,19,0,0,0,39,0
Jan,20,28,0,0,72,22
Jan,21,74,0,0,61,17
Jan,22,0,0,0,44,11
Jan,23,109,0,0,117,39
Jan,24,23,0,0,100,6
Jan,25,0,0,0,22,-17
Jan,26,3,0,3,-6,-61
Jan,27,13,0,8,33,-50
Jan,28,0,0,0,-6,-72
Jan,29,0,0,0,-56,-89
Jan,30,0,0,0,6,-72
Jan,31,0,0,0,50,-72
Feb,01,0,0,0,39,-39
Feb,02,0,0,0,50,-28
Feb,03,0,0,0,33,-56
Feb,04,30,0,3,33,-17
Feb,05,170,0,23,28,11
Feb,06,0,25,0,17,-28
Feb,07,0,0,0,22,-50
Feb,08,30,0,53,0,-22
Feb,09,10,76,10,-17,-117
Feb,10,0,76,0,-6,-72
Feb,11,0,25,0,28,-100
Feb,12,0,25,3,22,-33
Feb,13,0,0,0,28,-28
Feb,14,48,0,89,0,-67
Feb,15,3,102,10,-33,-83
Feb,16,0,102,3,6,-56
Feb,17,0,76,0,17,-72
Feb,18,0,25,0,61,-50
Feb,19,3,0,0,61,-50
Feb,20,0,0,0,128,22
Feb,21,218,0,0,61,28
Feb,22,18,0,0,33,-28
Feb,23,0,0,0,39,-50
Feb,24,0,0,0,-11,-89
Feb,25,0,0,0,33,-94
Feb,26,0,0,0,50,-67
Feb,27,0,0,0,56,-44
Feb,28,0,0,0,83,-44
Mar,01,0,0,0,39,-22
Mar,02,0,0,0,72,-17
Mar,03,0,0,0,78,-44
Mar,04,0,0,0,100,-44
Mar,05,0,0,0,111,-39
Mar,06,0,0,0,144,-28
Mar,07,0,0,0,211,28
Mar,08,0,0,0,150,33
Mar,09,33,0,0,139,83
Mar,10,0,0,0,239,117
Mar,11,102,0,0,200,94
Mar,12,58,0,0,100,61
Mar,13,53,0,0,89,61
Mar,14,8,0,0,94,72
Mar,15,0,0,0,122,72
Mar,16,0,0,0,144,72
Mar,17,0,0,0,161,67
Mar,18,0,0,0,178,44
Mar,19,0,0,0,200,61
Mar,20,8,0,0,144,28
Mar,21,71,0,0,67,28
Mar,22,8,0,0,156,50
Mar,23,0,0,0,217,39
Mar,24,0,0,0,228,72
Mar,25,188,0,0,150,22
Mar,26,0,0,0,111,-17
Mar,27,3,0,0,150,39
Mar,28,66,0,0,139,61
Mar,29,0,0,0,161,22
Mar,30,0,0,0,228,50
Mar,31,0,0,0,300,128
Apr,01,0,0,0,306,156
Apr,02,25,0,0,272,133
Apr,03,81,0,0,200,106
Apr,04,64,0,0,283,111
Apr,05,69,0,0,283,161
Apr,06,0,0,0,306,206
Apr,07,0,0,0,256,100
Apr,08,0,0,0,161,72
Apr,09,0,0,0,217,50
Apr,10,0,0,0,250,111
Apr,11,0,0,0,278,133
Apr,12,0,0,0,267,128
Apr,13,0,0,0,289,122
Apr,14,0,0,0,300,133
Apr,15,0,0,0,300,172
Apr,16,5,0,0,244,106
Apr,17,0,0,0,194,67
Apr,18,0,0,0,194,56
Apr,19,0,0,0,189,83
Apr,20,0,0,0,222,78
Apr,21,0,0,0,244,94
Apr,22,94,0,0,233,117
Apr,23,33,0,0,250,150
Apr,24,198,0,0,200,139
Apr,25,84,0,0,144,111
Apr,26,8,0,0,167,94
Apr,27,30,0,0,189,89
Apr,28,0,0,0,217,61
Apr,29,0,0,0,283,139
Apr,30,74,0,0,250,189
May,01,3,0,0,233,150
May,02,33,0,0,228,139
May,03,5,0,0,267,122
May,04,0,0,0,283,122
May,05,0,0,0,283,150
May,06,0,0,0,239,128
May,07,0,0,0,278,111
May,08,0,0,0,156,78
May,09,0,0,0,172,44
May,10,69,0,0,172,111
May,11,3,0,0,261,133
May,12,328,0,0,261,128
May,13,23,0,0,272,161
May,14,76,0,0,183,133
May,15,127,0,0,156,133
May,16,251,0,0,183,133
May,17,5,0,0,167,128
May,18,0,0,0,222,128
May,19,0,0,0,217,106
May,20,89,0,0,178,150
May,21,69,0,0,228,156
May,22,0,0,0,294,133
May,23,0,0,0,333,222
May,24,0,0,0,328,222
May,25,0,0,0,317,206
May,26,97,0,0,322,211
May,27,0,0,0,311,200
May,28,0,0,0,289,189
May,29,0,0,0,317,178
May,30,0,0,0,311,217
May,31,3,0,0,317,217
Jun,01,0,0,0,322,206
Jun,02,147,0,0,278,194
Jun,03,13,0,0,294,200
Jun,04,0,0,0,333,211
Jun,05,0,0,0,322,256
Jun,06,0,0,0,283,194
Jun,07,0,0,0,283,194
Jun,08,173,0,0,261,206
Jun,09,8,0,0,300,206
Jun,10,0,0,0,333,183
Jun,11,0,0,0,300,244
Jun,12,66,0,0,344,228
Jun,13,86,0,0,350,222
Jun,14,64,0,0,322,233
Jun,15,97,0,0,311,222
Jun,16,0,0,0,317,211
Jun,17,104,0,0,306,222
Jun,18,0,0,0,350,239
Jun,19,18,0,0,339,206
Jun,20,0,0,0,356,228
Jun,21,0,0,0,350,256
Jun,22,3,0,0,344,244
Jun,23,0,0,0,356,267
Jun,24,8,0,0,300,222
Jun,25,0,0,0,333,206
Jun,26,0,0,0,356,261
Jun,27,241,0,0,356,233
Jun,28,0,0,0,317,228
Jun,29,0,0,0,283,194
Jun,30,0,0,0,278,183
Jul,01,0,0,0,283,172
Jul,02,0,0,0,294,172
Jul,03,0,0,0,333,172
Jul,04,33,0,0,339,250
Jul,05,0,0,0,339,256
Jul,06,20,0,0,344,250
Jul,07,36,0,0,339,250
Jul,08,241,0,0,322,228
Jul,09,91,0,0,306,222
Jul,10,0,0,0,311,211
Jul,11,3,0,0,306,233
Jul,12,5,0,0,311,217
Jul,13,20,0,0,339,222
Jul,14,0,0,0,356,261
Jul,15,0,0,0,339,267
Jul,16,0,0,0,339,233
Jul,17,36,0,0,356,250
Jul,18,64,0,0,328,222
Jul,19,5,0,0,322,228
Jul,20,500,0,0,333,217
Jul,21,188,0,0,344,233
Jul,22,0,0,0,356,239
Jul,23,0,0,0,361,272
Jul,24,246,0,0,361,233
Jul,25,0,0,0,311,233
Jul,26,0,0,0,311,239
Jul,27,76,0,0,322,250
Jul,28,0,0,0,344,261
Jul,29,3,0,0,322,239
Jul,30,132,0,0,283,239
Jul,31,0,0,0,311,233
Aug,01,0,0,0,311,222
Aug,02,0,0,0,328,217
Aug,03,0,0,0,389,278
Aug,04,0,0,0,383,272
Aug,05,99,0,0,328,239
Aug,06,0,0,0,306,228
Aug,07,0,0,0,322,206
Aug,08,0,0,0,350,228
Aug,09,0,0,0,372,267
Aug,10,10,0,0,367,272
Aug,11,0,0,0,378,261
Aug,12,0,0,0,372,272
Aug,13,0,0,0,378,250
Aug,14,417,0,0,361,228
Aug,15,0,0,0,328,228
Aug,16,0,0,0,306,200
Aug,17,0,0,0,294,206
Aug,18,0,0,0,317,211
Aug,19,0,0,0,356,228
Aug,20,183,0,0,339,228
Aug,21,112,0,0,322,222
Aug,22,0,0,0,328,228
Aug,23,0,0,0,311,200
Aug,24,0,0,0,317,211
Aug,25,0,0,0,278,183
Aug,26,0,0,0,278,167
Aug,27,0,0,0,289,172
Aug,28,0,0,0,328,167
Aug,29,0,0,0,333,244
Aug,30,99,0,0,300,228
Aug,31,0,0,0,328,239
Sep,01,18,0,0,278,233
Sep,02,84,0,0,322,194
Sep,03,3,0,0,256,161
Sep,04,0,0,0,244,122
Sep,05,0,0,0,283,128
Sep,06,0,0,0,322,189
Sep,07,0,0,0,261,172
Sep,08,0,0,0,294,144
Sep,09,66,0,0,222,172
Sep,10,160,0,0,206,167
Sep,11,137,0,0,283,161
Sep,12,0,0,0,300,144
Sep,13,0,0,0,317,178
Sep,14,0,0,0,294,200
Sep,15,15,0,0,289,178
Sep,16,0,0,0,250,156
Sep,17,0,0,0,272,122
Sep,18,117,0,0,322,172
Sep,19,218,0,0,256,194
Sep,20,0,0,0,322,194
Sep,21,0,0,0,333,228
Sep,22,18,0,0,272,200
Sep,23,0,0,0,333,222
Sep,24,41,0,0,272,167
Sep,25,51,0,0,244,128
Sep,26,20,0,0,161,111
Sep,27,0,0,0,206,89
Sep,28,0,0,0,250,111
Sep,29,0,0,0,267,133
Sep,30,0,0,0,261,133
Oct,01,0,0,0,239,100
Oct,02,3,0,0,178,83
Oct,03,0,0,0,167,56
Oct,04,0,0,0,172,50
Oct,05,0,0,0,211,50
Oct,06,0,0,0,256,72
Oct,07,0,0,0,267,128
Oct,08,0,0,0,283,100
Oct,09,0,0,0,311,133
Oct,10,0,0,0,306,150
Oct,11,3,0,0,294,150
Oct,12,0,0,0,278,150
Oct,13,3,0,0,228,100
Oct,14,0,0,0,228,78
Oct,15,0,0,0,217,89
Oct,16,0,0,0,261,67
Oct,17,0,0,0,261,128
Oct,18,0,0,0,256,117
Oct,19,0,0,0,200,67
Oct,20,0,0,0,244,78
Oct,21,0,0,0,206,83
Oct,22,0,0,0,250,67
Oct,23,0,0,0,289,194
Oct,24,201,0,0,256,178
Oct,25,0,0,0,250,161
Oct,26,61,0,0,239,144
Oct,27,0,0,0,222,106
Oct,28,0,0,0,117,39
Oct,29,0,0,0,156,6
Oct,30,0,0,0,239,33
Oct,31,0,0,0,167,78
Nov,01,0,0,0,161,56
Nov,02,0,0,0,144,50
Nov,03,0,0,0,194,11
Nov,04,8,0,0,144,44
Nov,05,0,0,0,89,-6
Nov,06,0,0,0,117,-17
Nov,07,0,0,0,228,33
Nov,08,0,0,0,239,33
Nov,09,0,0,0,239,67
Nov,10,0,0,0,250,89
Nov,11,0,0,0,256,111
Nov,12,0,0,0,239,83
Nov,13,3,0,0,189,50
Nov,14,0,0,0,128,11
Nov,15,0,0,0,150,44
Nov,16,0,0,0,122,33
Nov,17,36,0,0,139,17
Nov,18,8,0,0,72,33
Nov,19,0,0,0,156,11
Nov,20,0,0,0,133,22
Nov,21,0,0,0,200,83
Nov,22,196,0,0,239,67
Nov,23,0,0,0,72,11
Nov,24,782,0,0,144,22
Nov,25,198,0,5,139,-28
Nov,26,0,0,0,78,-39
Nov,27,0,0,0,94,-6
Nov,28,0,0,0,122,6
Nov,29,127,0,0,111,33
Nov,30,0,0,0,100,-17
Dec,01,0,0,0,33,-33
Dec,02,0,0,0,72,-33
Dec,03,0,0,0,28,-33
Dec,04,0,0,0,33,-6
Dec,05,0,0,0,-6,-56
Dec,06,0,0,0,0,-83
Dec,07,0,0,0,-22,-89
Dec,08,0,0,0,11,-83
Dec,09,0,0,0,44,-72
Dec,10,0,0,0,139,0
Dec,11,66,0,0,78,-61
Dec,12,33,76,112,-33,-122
Dec,13,0,51,0,-72,-161
Dec,14,0,25,0,-56,-139
Dec,15,3,25,0,-11,-56
Dec,16,0,0,0,-11,-22
Dec,17,0,0,0,-6,-61
Dec,18,0,0,0,28,-67
Dec,19,3,0,5,39,-50
Dec,20,0,0,0,72,-6
Dec,21,0,0,0,67,22
Dec,22,0,0,0,22,-39
Dec,23,0,0,0,22,-44
Dec,24,64,0,76,11,-6
Dec,25,13,76,8,-6,-39
Dec,26,0,76,0,-17,-72
Dec,27,0,51,0,-11,-78
Dec,28,0,25,0,44,-72
Dec,29,15,0,0,72,-22
Dec,30,0,0,0,139,61
Dec,31,135,0,0,178,44
Jan,01,0,0,0,44,-50
Jan,02,0,0,0,17,-78
Jan,03,0,0,0,89,-22
Jan,04,0,0,0,33,-44
Jan,05,0,0,0,67,-39
Jan,06,0,0,0,17,-28
Jan,07,8,0,3,22,-39
Jan,08,0,0,8,-39,-100
Jan,09,0,0,0,-11,-106
Jan,10,25,0,28,0,-28
Jan,11,33,76,56,-22,-89
Jan,12,0,76,5,-72,-122
Jan,13,0,51,0,-17,-139
Jan,14,0,25,0,33,-44
Jan,15,0,0,0,44,-44
Jan,16,0,0,0,-11,-56
Jan,17,3,0,0,56,-44
Jan,18,20,0,0,56,-33
Jan,19,53,102,99,-11,-50
Jan,20,94,229,145,-44,-100
Jan,21,0,203,0,-78,-178
Jan,22,0,152,0,11,-100
Jan,23,13,127,30,6,-67
Jan,24,3,102,0,33,-61
Jan,25,0,76,0,22,-67
Jan,26,0,76,0,0,-67
Jan,27,0,51,0,50,-83
Jan,28,0,51,0,83,-61
Jan,29,0,25,0,72,-6
Jan,30,0,25,0,50,-11
Jan,31,86,0,0,0,-17
Feb,01,229,0,76,-6,-67
Feb,02,0,76,5,-61,-117
Feb,03,0,76,0,-50,-156
Feb,04,0,76,0,-11,-122
Feb,05,51,102,58,33,-39
Feb,06,0,127,0,50,0
Feb,07,0,76,0,0,-44
Feb,08,0,76,0,-44,-128
Feb,09,0,76,0,-67,-117
Feb,10,0,76,0,0,-133
Feb,11,0,76,0,61,-72
Feb,12,0,25,0,106,-11
Feb,13,0,25,0,183,44
Feb,14,0,0,0,100,6
Feb,15,0,0,0,122,6
Feb,16,0,0,0,233,33
Feb,17,0,0,0,244,144
Feb,18,0,0,0,178,39
Feb,19,3,0,0,122,28
Feb,20,0,0,0,233,83
Feb,21,109,0,0,178,-6
Feb,22,0,0,0,28,-33
Feb,23,20,0,0,67,-22
Feb,24,203,0,5,67,6
Feb,25,102,25,20,11,0
Feb,26,0,0,0,67,0
Feb,27,99,0,0,183,17
Feb,28,41,0,0,78,-6
Mar,01,0,0,0,144,-39
Mar,02,0,0,0,117,-6
Mar,03,0,0,0,172,11
Mar,04,345,0,0,217,117
Mar,05,94,0,0,117,6
Mar,06,0,0,0,67,0
Mar,07,0,0,0,83,11
Mar,08,119,0,0,89,50
Mar,09,0,0,0,94,33
Mar,10,0,0,0,39,-6
Mar,11,0,0,0,156,-33
Mar,12,0,0,0,183,67
Mar,13,69,0,8,89,11
Mar,14,307,25,58,39,11
Mar,15,0,25,0,78,22
Mar,16,0,0,0,194,17
Mar,17,0,0,0,283,117
Mar,18,8,0,0,206,89
Mar,19,79,0,0,144,56
Mar,20,0,0,0,278,83
Mar,21,0,0,0,278,183
Mar,22,0,0,0,244,156
Mar,23,0,0,0,239,67
Mar,24,5,0,0,67,6
Mar,25,69,0,23,39,6
Mar,26,99,0,102,39,0
Mar,27,0,76,0,67,-22
Mar,28,0,0,0,94,-6
Mar,29,0,0,0,78,39
Mar,30,10,0,0,117,11
Mar,31,0,0,0,122,22
Apr,01,0,0,0,161,28
Apr,02,0,0,0,200,33
Apr,03,0,0,0,322,100
Apr,04,170,0,0,256,56
Apr,05,0,0,0,189,17
Apr,06,0,0,0,261,122
Apr,07,0,0,0,206,83
Apr,08,3,0,0,244,161
Apr,09,175,0,0,311,150
Apr,10,46,0,0,322,194
Apr,11,43,0,0,200,128
Apr,12,0,0,0,200,111
Apr,13,0,0,0,233,83
Apr,14,0,0,0,228,117
Apr,15,206,0,0,206,89
Apr,16,3,0,0,117,61
Apr,17,0,0,0,239,50
Apr,18,3,0,0,222,150
Apr,19,422,0,0,311,78
Apr,20,0,0,0,128,50
Apr,21,23,0,0,161,44
Apr,22,328,0,0,250,117
Apr,23,163,0,0,217,133
Apr,24,66,0,0,144,111
Apr,25,168,0,0,189,139
Apr,26,13,0,0,217,139
Apr,27,165,0,0,144,78
Apr,28,8,0,0,206,83
Apr,29,0,0,0,222,78
Apr,30,0,0,0,267,144
May,01,71,0,0,189,72
May,02,3,0,0,133,78
May,03,0,0,0,167,61
May,04,0,0,0,161,33
May,05,13,0,0,222,78
May,06,0,0,0,228,94
May,07,13,0,0,278,139
May,08,0,0,0,272,156
May,09,0,0,0,300,194
May,10,66,0,0,294,211
May,11,0,0,0,328,217
May,12,0,0,0,311,194
May,13,8,0,0,256,144
May,14,135,0,0,144,100
May,15,89,0,0,133,78
May,16,0,0,0,172,61
May,17,0,0,0,183,56
May,18,0,0,0,228,117
May,19,10,0,0,183,156
May,20,3,0,0,272,167
May,21,8,0,0,294,189
May,22,127,0,0,306,178
May,23,64,0,0,272,183
May,24,0,0,0,294,167
May,25,356,0,0,294,167
May,26,79,0,0,178,111
May,27,10,0,0,200,94
May,28,5,0,0,239,156
May,29,0,0,0,339,194
May,30,0,0,0,339,239
May,31,0,0,0,311,233
Jun,01,0,0,0,328,189
Jun,02,0,0,0,294,222
Jun,03,0,0,0,356,244
Jun,04,0,0,0,367,261
Jun,05,0,0,0,322,239
Jun,06,0,0,0,361,228
Jun,07,0,0,0,356,250
Jun,08,0,0,0,361,261
Jun,09,0,0,0,339,250
Jun,10,269,0,0,350,200
Jun,11,10,0,0,283,183
Jun,12,3,0,0,250,161
Jun,13,0,0,0,250,167
Jun,14,137,0,0,267,183
Jun,15,36,0,0,306,194
Jun,16,0,0,0,328,183
Jun,17,284,0,0,267,200
Jun,18,86,0,0,306,200
Jun,19,84,0,0,322,200
Jun,20,0,0,0,328,261
Jun,21,13,0,0,306,211
Jun,22,0,0,0,289,217
Jun,23,0,0,0,244,194
Jun,24,0,0,0,283,172
Jun,25,711,0,0,261,194
Jun,26,419,0,0,300,189
Jun,27,259,0,0,283,194
Jun,28,0,0,0,289,206
Jun,29,0,0,0,306,178
Jun,30,0,0,0,333,211
Jul,01,0,0,0,356,239
Jul,02,0,0,0,372,250
Jul,03,404,0,0,328,211
Jul,04,15,0,0,294,217
Jul,05,0,0,0,317,217
Jul,06,0,0,0,339,228
Jul,07,142,0,0,306,217
Jul,08,0,0,0,306,206
Jul,09,0,0,0,322,206
Jul,10,0,0,0,361,250
Jul,11,0,0,0,378,294
Jul,12,0,0,0,389,250
Jul,13,0,0,0,328,244
Jul,14,0,0,0,317,211
Jul,15,0,0,0,322,233
Jul,16,0,0,0,333,233
Jul,17,0,0,0,350,261
Jul,18,0,0,0,361,256
Jul,19,0,0,0,372,272
Jul,20,0,0,0,378,278
Jul,21,0,0,0,394,283
Jul,22,0,0,0,383,289
Jul,23,135,0,0,378,283
Jul,24,0,0,0,339,244
Jul,25,0,0,0,350,233
Jul,26,0,0,0,367,267
Jul,27,0,0,0,378,261
Jul,28,0,0,0,383,278
Jul,29,0,0,0,367,272
Jul,30,43,0,0,306,244
Jul,31,0,0,0,350,256
Aug,01,0,0,0,378,261
Aug,02,0,0,0,389,267
Aug,03,0,0,0,350,278
Aug,04,0,0,0,328,244
Aug,05,142,0,0,300,244
Aug,06,5,0,0,350,244
Aug,07,0,0,0,367,267
Aug,08,0,0,0,322,239
Aug,09,0,0,0,344,211
Aug,10,10,0,0,267,206
Aug,11,0,0,0,294,183
Aug,12,25,0,0,317,194
Aug,13,23,0,0,333,211
Aug,14,0,0,0,289,183
Aug,15,0,0,0,278,172
Aug,16,0,0,0,289,167
Aug,17,0,0,0,322,239
Aug,18,0,0,0,344,222
Aug,19,28,0,0,344,222
Aug,20,18,0,0,339,222
Aug,21,0,0,0,328,228
Aug,22,13,0,0,306,217
Aug,23,0,0,0,372,239
Aug,24,0,0,0,378,272
Aug,25,0,0,0,311,194
Aug,26,0,0,0,322,194
Aug,27,0,0,0,339,211
Aug,28,0,0,0,306,194
Aug,29,0,0,0,306,189
Aug,30,0,0,0,328,194
Aug,31,0,0,0,394,244
Sep,01,0,0,0,400,278
Sep,02,0,0,0,383,267
Sep,03,41,0,0,383,233
Sep,04,0,0,0,267,167
Sep,05,0,0,0,239,139
Sep,06,0,0,0,239,111
Sep,07,0,0,0,261,106
Sep,08,0,0,0,272,111
Sep,09,46,0,0,194,167
Sep,10,5,0,0,244,178
Sep,11,0,0,0,283,156
Sep,12,0,0,0,322,178
Sep,13,0,0,0,339,211
Sep,14,452,0,0,211,111
Sep,15,0,0,0,178,78
Sep,16,5,0,0,194,122
Sep,17,5,0,0,211,139
Sep,18,236,0,0,217,156
Sep,19,0,0,0,217,133
Sep,20,0,0,0,250,117
Sep,21,0,0,0,261,156
Sep,22,8,0,0,178,122
Sep,23,10,0,0,189,100
Sep,24,0,0,0,200,78
Sep,25,0,0,0,206,72
Sep,26,0,0,0,228,89
Sep,27,0,0,0,222,133
Sep,28,0,0,0,244,139
Sep,29,0,0,0,311,161
Sep,30,0,0,0,228,122
Oct,01,0,0,0,194,67
Oct,02,0,0,0,217,56
Oct,03,0,0,0,256,83
Oct,04,0,0,0,272,94
Oct,05,0,0,0,278,117
Oct,06,0,0,0,289,122
Oct,07,0,0,0,294,150
Oct,08,0,0,0,278,144
Oct,09,0,0,0,278,133
Oct,10,0,0,0,267,128
Oct,11,0,0,0,272,156
Oct,12,86,0,0,228,167
Oct,13,3,0,0,239,150
Oct,14,0,0,0,222,117
Oct,15,0,0,0,217,83
Oct,16,0,0,0,283,111
Oct,17,145,0,0,167,83
Oct,18,155,0,0,128,78
Oct,19,13,0,0,100,72
Oct,20,0,0,0,139,50
Oct,21,0,0,0,172,39
Oct,22,0,0,0,228,50
Oct,23,0,0,0,244,117
Oct,24,0,0,0,239,117
Oct,25,0,0,0,283,122
Oct,26,20,0,0,228,89
Oct,27,0,0,0,139,72
Oct,28,0,0,0,156,39
Oct,29,0,0,0,172,28
Oct,30,0,0,0,178,89
Oct,31,0,0,0,172,56
Nov,01,0,0,0,239,56
Nov,02,13,0,0,244,94
Nov,03,244,0,0,139,83
Nov,04,0,0,0,139,56
Nov,05,0,0,0,156,33
Nov,06,0,0,0,183,100
Nov,07,305,0,0,183,128
Nov,08,94,0,0,206,156
Nov,09,5,0,0,167,56
Nov,10,0,0,0,100,0
Nov,11,0,0,0,183,-17
Nov,12,0,0,0,178,89
Nov,13,8,0,0,250,156
Nov,14,0,0,0,250,144
Nov,15,0,0,0,183,111
Nov,16,0,0,0,117,28
Nov,17,0,0,0,94,-11
Nov,18,0,0,0,144,11
Nov,19,0,0,0,183,100
Nov,20,15,0,0,167,33
Nov,21,0,0,0,83,67
Nov,22,333,0,0,94,72
Nov,23,0,0,0,89,67
Nov,24,0,0,0,156,67
Nov,25,0,0,0,194,56
Nov,26,114,0,0,178,56
Nov,27,5,0,0,56,22
Nov,28,53,0,0,44,11
Nov,29,0,0,0,61,-17
Nov,30,0,0,0,72,-44
Dec,01,0,0,0,106,-22
Dec,02,0,0,0,83,0
Dec,03,43,0,0,167,78
Dec,04,48,0,0,139,17
Dec,05,0,0,0,17,0
Dec,06,0,0,0,17,-11
Dec,07,0,0,3,50,-22
Dec,08,0,0,0,67,-17
Dec,09,0,0,0,39,-39
Dec,10,0,0,0,39,-72
Dec,11,0,0,0,94,-22
Dec,12,0,0,0,100,-22
Dec,13,91,0,0,89,56
Dec,14,97,0,0,167,78
Dec,15,0,0,0,161,6
Dec,16,0,0,0,44,-28
Dec,17,0,0,0,89,-28
Dec,18,0,0,0,139,-17
Dec,19,203,0,0,133,78
Dec,20,64,0,0,89,78
Dec,21,3,0,0,83,44
Dec,22,0,0,0,56,17
Dec,23,0,0,0,39,-11
Dec,24,0,0,0,89,-28
Dec,25,0,0,0,117,-11
Dec,26,152,0,0,56,-39
Dec,27,86,51,48,67,-6
Dec,28,0,0,0,94,-22
Dec,29,3,0,0,161,33
Dec,30,3,0,0,144,67
Dec,31,0,0,0,150,11
Jan,01,0,0,0,133,11
Jan,02,0,0,0,11,-56
Jan,03,0,0,0,39,-78
Jan,04,0,0,0,111,11
Jan,05,0,0,0,189,22
Jan,06,0,0,0,211,67
Jan,07,0,0,0,117,22
Jan,08,0,0,0,67,-17
Jan,09,0,0,0,111,-22
Jan,10,0,0,0,144,-11
Jan,11,10,0,0,133,33
Jan,12,38,25,46,33,-89
Jan,13,0,51,0,-50,-100
Jan,14,0,25,0,17,-106
Jan,15,0,25,0,72,-61
Jan,16,0,0,0,200,50
Jan,17,216,0,0,206,-39
Jan,18,0,0,0,17,-94
Jan,19,0,0,0,17,-78
Jan,20,0,0,0,-17,-89
Jan,21,0,0,0,0,-56
Jan,22,0,0,0,128,-17
Jan,23,0,0,0,133,-6
Jan,24,0,0,0,67,-33
Jan,25,196,0,0,17,-6
Jan,26,86,0,0,44,11
Jan,27,30,0,0,56,-6
Jan,28,18,0,0,67,-11
Jan,29,0,0,0,89,-6
Jan,30,0,0,0,194,6
Jan,31,0,0,0,189,106
Feb,01,0,0,0,156,33
Feb,02,0,0,0,183,6
Feb,03,267,0,0,128,28
Feb,04,58,0,0,89,61
Feb,05,10,0,0,94,17
Feb,06,0,0,0,94,-11
Feb,07,23,0,5,100,-17
Feb,08,10,25,8,17,0
Feb,09,0,0,0,44,-17
Feb,10,10,0,0,56,-50
Feb,11,3,0,5,-17,-89
Feb,12,0,0,0,33,-89
Feb,13,33,0,46,17,-22
Feb,14,0,51,0,44,0
Feb,15,41,0,0,83,11
Feb,16,36,0,0,94,6
Feb,17,0,0,0,144,-17
Feb,18,0,0,0,78,17
Feb,19,0,0,0,61,-22
Feb,20,8,0,0,106,-44
Feb,21,0,0,0,128,50
Feb,22,0,0,0,178,39
Feb,23,8,0,0,206,61
Feb,24,0,0,0,100,22
Feb,25,0,0,0,61,-22
Feb,26,0,0,0,183,-6
Feb,27,0,0,0,117,39
Feb,28,0,0,0,167,11
Feb,29,5,0,0,200,83
Mar,01,0,0,0,189,28
Mar,02,51,0,0,139,28
Mar,03,0,0,0,83,6
Mar,04,0,0,0,67,-28
Mar,05,0,0,0,100,-17
Mar,06,0,0,0,239,67
Mar,07,3,0,0,222,150
Mar,08,51,0,0,194,17
Mar,09,0,0,0,128,0
Mar,10,0,0,0,183,11
Mar,11,48,0,0,167,28
Mar,12,0,0,0,289,139
Mar,13,0,0,0,283,100
Mar,14,0,0,0,300,156
Mar,15,188,0,0,272,172
Mar,16,56,0,0,250,144
Mar,17,340,0,0,267,150
Mar,18,3,0,0,278,139
Mar,19,0,0,0,278,194
Mar,20,0,0,0,283,183
Mar,21,0,0,0,272,183
Mar,22,48,0,0,233,122
Mar,23,33,0,0,194,111
Mar,24,0,0,0,239,111
Mar,25,0,0,0,244,128
Mar,26,0,0,0,217,128
Mar,27,0,0,0,278,122
Mar,28,0,0,0,278,167
Mar,29,25,0,0,222,139
Mar,30,0,0,0,278,139
Mar,31,0,0,0,244,100
Apr,01,0,0,0,317,161
Apr,02,0,0,0,317,189
Apr,03,183,0,0,283,172
Apr,04,79,0,0,200,117
Apr,05,183,0,0,167,83
Apr,06,0,0,0,161,39
Apr,07,0,0,0,206,56
Apr,08,0,0,0,206,72
Apr,09,0,0,0,217,78
Apr,10,0,0,0,161,67
Apr,11,0,0,0,139,28
Apr,12,0,0,0,178,22
Apr,13,284,0,0,139,94
Apr,14,330,0,0,267,117
Apr,15,234,0,0,256,144
Apr,16,0,0,0,200,106
Apr,17,0,0,0,211,83
Apr,18,0,0,0,239,94
Apr,19,0,0,0,261,133
Apr,20,25,0,0,189,89
Apr,21,0,0,0,156,50
Apr,22,36,0,0,150,61
Apr,23,0,0,0,178,28
Apr,24,0,0,0,256,83
Apr,25,0,0,0,317,150
Apr,26,0,0,0,267,144
Apr,27,0,0,0,150,83
Apr,28,356,0,0,267,133
Apr,29,132,0,0,183,106
Apr,30,13,0,0,228,156
May,01,145,0,0,294,156
May,02,0,0,0,322,222
May,03,0,0,0,306,211
May,04,25,0,0,300,194
May,05,0,0,0,333,217
May,06,3,0,0,333,222
May,07,208,0,0,244,167
May,08,0,0,0,239,133
May,09,0,0,0,217,117
May,10,0,0,0,244,111
May,11,0,0,0,244,122
May,12,0,0,0,267,150
May,13,0,0,0,250,133
May,14,0,0,0,267,122
May,15,0,0,0,283,128
May,16,0,0,0,256,161
May,17,0,0,0,267,117
May,18,0,0,0,306,133
May,19,0,0,0,322,189
May,20,25,0,0,328,206
May,21,0,0,0,228,144
May,22,0,0,0,256,122
May,23,0,0,0,294,133
May,24,0,0,0,333,189
May,25,0,0,0,333,233
May,26,0,0,0,350,239
May,27,0,0,0,339,244
May,28,0,0,0,344,244
May,29,0,0,0,317,217
May,30,0,0,0,283,189
May,31,25,0,0,200,117
Jun,01,0,0,0,217,94
Jun,02,0,0,0,272,128
Jun,03,0,0,0,311,150
Jun,04,10,0,0,339,189
Jun,05,0,0,0,289,161
Jun,06,0,0,0,267,150
Jun,07,0,0,0,283,150
Jun,08,0,0,0,311,161
Jun,09,0,0,0,328,172
Jun,10,0,0,0,317,222
Jun,11,269,0,0,261,211
Jun,12,0,0,0,278,172
Jun,13,0,0,0,278,144
Jun,14,0,0,0,311,161
Jun,15,0,0,0,339,194
Jun,16,221,0,0,356,217
Jun,17,0,0,0,328,211
Jun,18,0,0,0,350,250
Jun,19,0,0,0,339,250
Jun,20,0,0,0,350,239
Jun,21,0,0,0,306,217
Jun,22,0,0,0,300,194
Jun,23,0,0,0,311,189
Jun,24,0,0,0,372,211
Jun,25,0,0,0,322,206
Jun,26,0,0,0,306,156
Jun,27,0,0,0,372,189
Jun,28,0,0,0,422,261
Jun,29,0,0,0,411,250
Jun,30,0,0,0,406,256
Jul,01,0,0,0,389,261
Jul,02,0,0,0,378,250
Jul,03,0,0,0,383,244
Jul,04,0,0,0,406,283
Jul,05,0,0,0,406,283
Jul,06,0,0,0,411,283
Jul,07,3,0,0,417,283
Jul,08,61,0,0,367,239
Jul,09,8,0,0,333,233
Jul,10,0,0,0,350,217
Jul,11,0,0,0,339,222
Jul,12,0,0,0,344,228
Jul,13,0,0,0,350,233
Jul,14,64,0,0,333,244
Jul,15,0,0,0,356,233
Jul,16,0,0,0,367,261
Jul,17,0,0,0,394,272
Jul,18,0,0,0,411,283
Jul,19,0,0,0,400,278
Jul,20,0,0,0,300,239
Jul,21,0,0,0,344,211
Jul,22,0,0,0,372,256
Jul,23,0,0,0,411,278
Jul,24,0,0,0,417,294
Jul,25,0,0,0,422,300
Jul,26,0,0,0,356,272
Jul,27,0,0,0,378,244
Jul,28,0,0,0,339,217
Jul,29,48,0,0,306,222
Jul,30,0,0,0,300,239
Jul,31,0,0,0,394,228
Aug,01,0,0,0,383,250
Aug,02,3,0,0,367,244
Aug,03,0,0,0,361,228
Aug,04,122,0,0,367,239
Aug,05,0,0,0,333,239
Aug,06,0,0,0,350,200
Aug,07,0,0,0,378,211
Aug,08,117,0,0,378,206
Aug,09,3,0,0,339,217
Aug,10,0,0,0,267,194
Aug,11,0,0,0,300,161
Aug,12,8,0,0,294,183
Aug,13,23,0,0,272,189
Aug,14,0,0,0,272,172
Aug,15,0,0,0,333,172
Aug,16,130,0,0,367,211
Aug,17,0,0,0,278,167
Aug,18,0,0,0,283,161
Aug,19,0,0,0,289,178
Aug,20,0,0,0,306,156
Aug,21,0,0,0,317,172
Aug,22,0,0,0,344,178
Aug,23,0,0,0,367,194
Aug,24,0,0,0,350,239
Aug,25,20,0,0,328,222
Aug,26,211,0,0,306,217
Aug,27,5,0,0,311,222
Aug,28,0,0,0,339,189
Aug,29,0,0,0,328,194
Aug,30,0,0,0,356,211
Aug,31,376,0,0,283,239
Sep,01,145,0,0,278,233
Sep,02,28,0,0,289,233
Sep,03,0,0,0,311,233
Sep,04,3,0,0,333,233
Sep,05,33,0,0,300,206
Sep,06,0,0,0,333,200
Sep,07,145,0,0,339,178
Sep,08,0,0,0,233,150
Sep,09,0,0,0,239,144
Sep,10,0,0,0,261,133
Sep,11,0,0,0,294,156
Sep,12,0,0,0,300,178
Sep,13,0,0,0,311,161
Sep,14,25,0,0,211,144
Sep,15,0,0,0,206,139
Sep,16,0,0,0,233,172
Sep,17,74,0,0,244,156
Sep,18,3,0,0,206,100
Sep,19,0,0,0,250,100
Sep,20,0,0,0,261,139
Sep,21,0,0,0,289,139
Sep,22,0,0,0,206,94
Sep,23,0,0,0,200,67
Sep,24,0,0,0,233,72
Sep,25,246,0,0,272,161
Sep,26,48,0,0,261,189
Sep,27,0,0,0,217,178
Sep,28,20,0,0,222,128
Sep,29,0,0,0,244,111
Sep,30,0,0,0,233,128
Oct,01,0,0,0,189,122
Oct,02,0,0,0,222,94
Oct,03,0,0,0,250,161
Oct,04,0,0,0,283,122
Oct,05,137,0,0,122,39
Oct,06,0,0,0,106,33
Oct,07,0,0,0,128,33
Oct,08,0,0,0,167,33
Oct,09,3,0,0,206,72
Oct,10,3,0,0,150,44
Oct,11,0,0,0,189,67
Oct,12,0,0,0,189,100
Oct,13,30,0,0,256,139
Oct,14,196,0,0,239,122
Oct,15,0,0,0,217,89
Oct,16,0,0,0,289,111
Oct,17,69,0,0,200,117
Oct,18,0,0,0,167,94
Oct,19,3,0,0,122,83
Oct,20,0,0,0,189,89
Oct,21,0,0,0,256,94
Oct,22,20,0,0,239,183
Oct,23,64,0,0,261,183
Oct,24,0,0,0,289,189
Oct,25,112,0,0,283,72
Oct,26,0,0,0,106,39
Oct,27,0,0,0,111,11
Oct,28,0,0,0,117,11
Oct,29,0,0,0,133,11
Oct,30,0,0,0,144,17
Oct,31,0,0,0,139,17
Nov,01,0,0,0,172,28
Nov,02,0,0,0,128,39
Nov,03,0,0,0,106,33
Nov,04,0,0,0,111,-6
Nov,05,20,0,0,67,56
Nov,06,5,0,0,89,56
Nov,07,0,0,0,94,33
Nov,08,0,0,0,139,6
Nov,09,0,0,0,222,61
Nov,10,0,0,0,272,139
Nov,11,305,0,0,211,33
Nov,12,0,0,0,83,-11
Nov,13,0,0,0,106,-17
Nov,14,0,0,0,94,0
Nov,15,0,0,0,133,-11
Nov,16,0,0,0,156,6
Nov,17,0,0,0,139,-6
Nov,18,0,0,0,161,-6
Nov,19,3,0,0,150,50
Nov,20,0,0,0,167,56
Nov,21,0,0,0,183,56
Nov,22,23,0,0,211,89
Nov,23,0,0,0,122,-17
Nov,24,0,0,0,39,-44
Nov,25,0,0,0,144,17
Nov,26,0,0,0,67,-11
Nov,27,0,0,0,50,-56
Nov,28,0,0,0,106,-22
Nov,29,0,0,0,161,6
Nov,30,0,0,0,189,50
Dec,01,0,0,0,211,89
Dec,02,8,0,0,239,167
Dec,03,0,0,0,233,172
Dec,04,76,0,0,189,56
Dec,05,0,0,0,122,28
Dec,06,0,0,0,117,28
Dec,07,13,0,0,133,78
Dec,08,61,0,0,94,61
Dec,09,66,0,0,106,22
Dec,10,0,0,0,22,-28
Dec,11,0,0,0,61,-50
Dec,12,0,0,0,106,-44
Dec,13,0,0,0,139,-22
Dec,14,10,0,0,144,-6
Dec,15,89,0,0,183,67
Dec,16,0,0,0,122,39
Dec,17,18,0,0,56,22
Dec,18,0,0,0,156,6
Dec,19,18,0,0,117,-11
Dec,20,79,0,3,133,-28
Dec,21,0,0,0,28,-44
Dec,22,0,0,0,83,-67
Dec,23,0,0,0,100,-11
Dec,24,0,0,0,17,-44
Dec,25,0,0,0,17,-44
Dec,26,0,0,0,6,-17
Dec,27,0,0,0,17,-22
Dec,28,15,0,15,28,-6
Dec,29,0,25,5,6,-56
Dec,30,0,0,0,61,-61
Dec,31,56,0,30,39,-6
Jan,01,0,25,3,-6,-83
Jan,02,0,25,0,6,-94
Jan,03,0,25,0,44,-61
Jan,04,0,0,0,50,-44
Jan,05,0,0,0,78,-11
Jan,06,0,0,0,61,-39
Jan,07,0,0,0,78,-50
Jan,08,0,0,0,122,-28
Jan,09,0,0,0,144,39
Jan,10,157,0,0,150,44
Jan,11,0,0,0,178,100
Jan,12,165,0,0,144,0
Jan,13,0,0,0,0,-67
Jan,14,0,0,0,-28,-83
Jan,15,0,0,0,-6,-83
Jan,16,0,0,0,61,-67
Jan,17,0,0,0,56,-28
Jan,18,0,0,0,133,-44
Jan,19,0,0,0,189,56
Jan,20,0,0,0,83,-39
Jan,21,0,0,0,-28,-94
Jan,22,5,0,18,-78,-106
Jan,23,0,0,0,56,-106
Jan,24,0,0,0,-22,-89
Jan,25,0,0,0,72,-28
Jan,26,0,0,0,33,-50
Jan,27,61,0,0,111,-22
Jan,28,0,0,0,233,111
Jan,29,366,0,0,200,122
Jan,30,38,0,3,122,-28
Jan,31,0,0,0,6,-111
Feb,01,0,0,0,-11,-128
Feb,02,36,0,51,72,-11
Feb,03,30,102,51,6,-39
Feb,04,0,76,0,139,-28
Feb,05,0,0,0,139,-17
Feb,06,0,0,0,111,-28
Feb,07,58,0,0,111,22
Feb,08,0,0,0,39,-11
Feb,09,23,0,0,61,-11
Feb,10,117,0,0,133,39
Feb,11,0,0,0,111,17
Feb,12,0,0,0,78,-22
Feb,13,0,0,0,128,17
Feb,14,0,0,0,139,44
Feb,15,0,0,0,56,-22
Feb,16,0,0,0,33,-61
Feb,17,0,0,0,94,-56
Feb,18,41,0,0,156,11
Feb,19,0,0,0,11,-44
Feb,20,0,0,0,-33,-78
Feb,21,239,0,145,6,-61
Feb,22,3,127,0,22,-50
Feb,23,0,127,0,11,-89
Feb,24,0,102,0,56,-78
Feb,25,48,76,0,61,-11
Feb,26,213,51,0,50,11
Feb,27,15,0,13,22,0
Feb,28,8,0,10,22,0
Mar,01,20,25,20,11,-17
Mar,02,0,0,0,22,-50
Mar,03,0,0,0,44,-72
Mar,04,5,0,0,117,17
Mar,05,64,0,15,61,0
Mar,06,0,0,0,39,-22
Mar,07,0,0,0,78,-56
Mar,08,0,0,0,122,-22
Mar,09,112,0,0,200,56
Mar,10,343,0,0,161,72
Mar,11,3,0,0,72,11
Mar,12,0,0,0,111,-11
Mar,13,3,0,0,56,-22
Mar,14,0,0,0,111,-17
Mar,15,0,0,0,228,0
Mar,16,23,0,0,178,39
Mar,17,302,0,3,39,11
Mar,18,5,0,0,106,17
Mar,19,0,0,0,83,-17
Mar,20,0,0,0,33,-39
Mar,21,0,0,0,28,-61
Mar,22,0,0,0,61,0
Mar,23,15,0,0,122,33
Mar,24,318,0,315,50,0
Mar,25,8,203,10,22,-11
Mar,26,0,127,0,44,-17
Mar,27,0,51,0,72,-39
Mar,28,0,25,0,139,22
Mar,29,0,0,0,167,61
Mar,30,38,0,0,128,50
Mar,31,0,0,0,206,83
Apr,01,0,0,0,94,17
Apr,02,0,0,0,94,-10
Apr,03,0,0,0,117,6
Apr,04,0,0,0,161,22
Apr,05,0,0,0,200,39
Apr,06,0,0,0,244,122
Apr,07,5,0,0,261,111
Apr,08,0,0,0,261,172
Apr,09,0,0,0,261,189
Apr,10,259,0,0,278,150
Apr,11,25,0,0,156,56
Apr,12,0,0,0,78,33
Apr,13,0,0,0,167,33
Apr,14,0,0,0,267,83
Apr,15,114,0,0,217,100
Apr,16,114,0,0,100,78
Apr,17,0,0,0,294,100
Apr,18,630,0,0,250,50
Apr,19,0,0,0,117,39
Apr,20,0,0,0,133,11
Apr,21,0,0,0,172,61
Apr,22,0,0,0,228,56
Apr,23,183,0,0,172,50
Apr,24,3,0,0,122,33
Apr,25,0,0,0,178,56
Apr,26,0,0,0,156,100
Apr,27,104,0,0,122,100
Apr,28,3,0,0,144,94
Apr,29,0,0,0,261,78
Apr,30,0,0,0,306,172
May,01,0,0,0,283,150
May,02,94,0,0,217,72
May,03,505,0,0,72,50
May,04,0,0,0,106,50
May,05,38,0,0,167,83
May,06,0,0,0,206,122
May,07,0,0,0,267,150
May,08,0,0,0,289,139
May,09,46,0,0,244,178
May,10,0,0,0,194,128
May,11,0,0,0,217,106
May,12,0,0,0,172,56
May,13,0,0,0,233,61
May,14,0,0,0,339,150
May,15,0,0,0,333,222
May,16,0,0,0,283,200
May,17,69,0,0,250,189
May,18,0,0,0,278,172
May,19,0,0,0,328,217
May,20,310,0,0,283,172
May,21,3,0,0,278,183
May,22,0,0,0,256,178
May,23,5,0,0,183,128
May,24,0,0,0,206,83
May,25,20,0,0,211,117
May,26,5,0,0,289,139
May,27,119,0,0,289,194
May,28,13,0,0,300,211
May,29,0,0,0,311,194
May,30,142,0,0,289,189
May,31,442,0,0,272,189
Jun,01,66,0,0,261,189
Jun,02,0,0,0,206,156
Jun,03,0,0,0,211,139
Jun,04,0,0,0,239,122
Jun,05,13,0,0,272,156
Jun,06,0,0,0,267,172
Jun,07,0,0,0,244,156
Jun,08,0,0,0,272,150
Jun,09,124,0,0,267,183
Jun,10,15,0,0,272,178
Jun,11,0,0,0,333,178
Jun,12,0,0,0,356,244
Jun,13,0,0,0,294,211
Jun,14,0,0,0,294,172
Jun,15,287,0,0,322,206
Jun,16,61,0,0,306,206
Jun,17,71,0,0,306,189
Jun,18,0,0,0,317,178
Jun,19,0,0,0,306,189
Jun,20,0,0,0,328,206
Jun,21,0,0,0,333,239
Jun,22,5,0,0,333,217
Jun,23,391,0,0,322,211
Jun,24,0,0,0,339,206
Jun,25,0,0,0,344,256
Jun,26,366,0,0,339,228
Jun,27,0,0,0,344,233
Jun,28,3,0,0,317,239
Jun,29,102,0,0,283,178
Jun,30,3,0,0,250,183
Jul,01,0,0,0,272,178
Jul,02,137,0,0,211,167
Jul,03,0,0,0,283,178
Jul,04,0,0,0,289,178
Jul,05,0,0,0,289,194
Jul,06,18,0,0,311,211
Jul,07,0,0,0,333,206
Jul,08,0,0,0,344,250
Jul,09,0,0,0,350,272
Jul,10,140,0,0,311,233
Jul,11,0,0,0,289,200
Jul,12,0,0,0,294,183
Jul,13,0,0,0,300,183
Jul,14,71,0,0,322,200
Jul,15,0,0,0,328,233
Jul,16,0,0,0,339,244
Jul,17,13,0,0,344,250
Jul,18,71,0,0,344,256
Jul,19,0,0,0,367,256
Jul,20,0,0,0,339,250
Jul,21,0,0,0,289,233
Jul,22,0,0,0,339,222
Jul,23,0,0,0,333,233
Jul,24,0,0,0,272,189
Jul,25,0,0,0,283,172
Jul,26,13,0,0,244,206
Jul,27,0,0,0,256,167
Jul,28,0,0,0,283,133
Jul,29,0,0,0,272,156
Jul,30,389,0,0,250,194
Jul,31,0,0,0,278,206
Aug,01,0,0,0,311,194
Aug,02,107,0,0,283,228
Aug,03,0,0,0,294,211
Aug,04,0,0,0,267,183
Aug,05,0,0,0,239,217
Aug,06,0,0,0,322,222
Aug,07,0,0,0,328,239
Aug,08,107,0,0,272,228
Aug,09,0,0,0,272,206
Aug,10,0,0,0,294,206
Aug,11,0,0,0,300,172
Aug,12,43,0,0,278,222
Aug,13,0,0,0,267,183
Aug,14,0,0,0,244,139
Aug,15,0,0,0,244,156
Aug,16,0,0,0,250,156
Aug,17,0,0,0,272,156
Aug,18,0,0,0,289,183
Aug,19,0,0,0,311,194
Aug,20,0,0,0,322,206
Aug,21,0,0,0,339,222
Aug,22,0,0,0,333,244
Aug,23,0,0,0,322,233
Aug,24,0,0,0,333,206
Aug,25,0,0,0,344,206
Aug,26,0,0,0,361,244
Aug,27,0,0,0,361,250
Aug,28,0,0,0,361,239
Aug,29,0,0,0,367,239
Aug,30,0,0,0,389,261
Aug,31,46,0,0,394,261
Sep,01,460,0,0,328,222
Sep,02,0,0,0,289,206
Sep,03,0,0,0,289,161
Sep,04,0,0,0,311,167
Sep,05,0,0,0,317,178
Sep,06,0,0,0,317,206
Sep,07,0,0,0,344,211
Sep,08,104,0,0,294,228
Sep,09,0,0,0,372,244
Sep,10,0,0,0,367,261
Sep,11,0,0,0,367,222
Sep,12,0,0,0,300,194
Sep,13,0,0,0,244,144
Sep,14,0,0,0,244,117
Sep,15,3,0,0,289,150
Sep,16,0,0,0,239,156
Sep,17,8,0,0,222,150
Sep,18,43,0,0,311,194
Sep,19,0,0,0,333,239
Sep,20,76,0,0,250,144
Sep,21,0,0,0,228,117
Sep,22,0,0,0,244,106
Sep,23,0,0,0,250,117
Sep,24,0,0,0,283,139
Sep,25,0,0,0,283,194
Sep,26,0,0,0,294,167
Sep,27,0,0,0,294,167
Sep,28,3,0,0,300,189
Sep,29,0,0,0,244,144
Sep,30,0,0,0,261,122
Oct,01,0,0,0,278,183
Oct,02,46,0,0,294,206
Oct,03,33,0,0,311,211
Oct,04,0,0,0,317,217
Oct,05,58,0,0,267,133
Oct,06,3,0,0,156,100
Oct,07,0,0,0,217,106
Oct,08,0,0,0,244,100
Oct,09,0,0,0,239,94
Oct,10,0,0,0,267,133
Oct,11,0,0,0,272,139
Oct,12,5,0,0,261,133
Oct,13,0,0,0,233,89
Oct,14,0,0,0,200,89
Oct,15,122,0,0,206,128
Oct,16,0,0,0,156,83
Oct,17,5,0,0,189,94
Oct,18,25,0,0,167,67
Oct,19,43,0,0,150,56
Oct,20,0,0,0,228,89
Oct,21,0,0,0,139,44
Oct,22,25,0,0,167,33
Oct,23,5,0,0,106,28
Oct,24,0,0,0,94,0
Oct,25,0,0,0,133,-10
Oct,26,0,0,0,189,33
Oct,27,0,0,0,161,6
Oct,28,0,0,0,206,22
Oct,29,33,0,0,150,83
Oct,30,5,0,0,228,139
Oct,31,188,0,0,200,94
Nov,01,0,0,0,183,89
Nov,02,0,0,0,139,44
Nov,03,0,0,0,150,17
Nov,04,0,0,0,172,83
Nov,05,53,0,0,161,117
Nov,06,58,0,0,156,22
Nov,07,0,0,0,139,6
Nov,08,0,0,0,150,-10
Nov,09,0,0,0,206,89
Nov,10,0,0,0,128,39
Nov,11,15,0,0,189,6
Nov,12,0,0,0,28,-43
Nov,13,0,0,0,89,-55
Nov,14,0,0,0,156,-5
Nov,15,0,0,0,156,83
Nov,16,20,0,0,189,94
Nov,17,0,0,0,267,83
Nov,18,0,0,0,139,28
Nov,19,0,0,0,94,0
Nov,20,18,0,0,106,6
Nov,21,94,0,0,111,100
Nov,22,0,0,0,100,6
Nov,23,0,0,0,11,-71
Nov,24,0,0,0,-10,-93
Nov,25,0,0,0,33,-21
Nov,26,0,0,0,50,-43
Nov,27,0,0,0,-10,-77
Nov,28,0,0,0,89,-43
Nov,29,0,0,0,78,-55
Nov,30,0,0,0,150,-27
Dec,01,0,0,0,144,6
Dec,02,0,0,0,150,39
Dec,03,0,0,0,156,78
Dec,04,0,0,0,206,44
Dec,05,28,0,13,44,-55
Dec,06,0,30,0,-43,-93
Dec,07,0,0,0,-43,-116
Dec,08,13,30,23,-16,-66
Dec,09,0,30,0,-16,-55
Dec,10,0,0,0,33,-93
Dec,11,0,0,0,11,-105
Dec,12,0,0,0,44,-116
Dec,13,91,0,10,22,-60
Dec,14,104,80,97,17,-27
Dec,15,0,100,0,28,-55
Dec,16,0,80,0,11,-43
Dec,17,0,80,0,50,-38
Dec,18,0,50,0,111,-49
Dec,19,0,30,0,161,44
Dec,20,8,0,0,217,28
Dec,21,229,0,0,28,6
Dec,22,25,0,0,22,-27
Dec,23,0,0,0,-27,-110
Dec,24,0,0,0,-43,-138
Dec,25,0,0,0,28,-43
Dec,26,0,0,0,111,-38
Dec,27,0,0,0,133,-21
Dec,28,0,0,0,161,22
Dec,29,0,0,0,72,-82
Dec,30,0,0,0,-5,-121
Dec,31,0,0,0,67,-43
Jan,01,28,0,20,89,-43
Jan,02,23,80,64,-43,-138
Jan,03,0,50,0,-10,-155
Jan,04,0,50,0,78,-27
Jan,05,163,0,274,17,-166
Jan,06,0,250,0,-166,-221
Jan,07,0,250,0,-43,-199
Jan,08,0,230,0,-21,-66
Jan,09,18,230,20,11,-66
Jan,10,140,200,0,78,11
Jan,11,5,30,0,94,11
Jan,12,0,0,0,150,-21
Jan,13,0,0,0,150,0
Jan,14,3,0,0,94,-16
Jan,15,0,0,0,-5,-55
Jan,16,8,0,8,83,-38
Jan,17,0,0,0,-38,-93
Jan,18,15,0,3,61,-88
Jan,19,0,0,0,117,-49
Jan,20,0,0,0,100,6
Jan,21,23,0,13,44,-110
Jan,22,0,0,0,-10,-110
Jan,23,0,0,0,-99,-166
Jan,24,0,0,0,22,-143
Jan,25,0,0,0,61,-55
Jan,26,0,0,0,156,-38
Jan,27,0,0,0,-38,-138
Jan,28,0,0,0,-66,-160
Jan,29,0,0,0,17,-110
Jan,30,0,0,0,83,-38
Jan,31,0,0,0,39,-21
Feb,01,135,0,0,28,-21
Feb,02,0,0,3,-21,-105
Feb,03,0,0,0,-10,-132
Feb,04,94,0,84,-21,-60
Feb,05,28,100,33,-55,-116
Feb,06,0,80,0,-105,-182
Feb,07,0,80,0,-71,-177
Feb,08,10,80,15,-10,-88
Feb,09,5,80,10,-21,-82
Feb,10,0,80,0,-82,-143
Feb,11,0,80,0,-66,-182
Feb,12,0,50,0,11,-155
Feb,13,0,50,0,94,-116
Feb,14,23,30,3,28,-77
Feb,15,0,30,0,-16,-105
Feb,16,0,0,0,6,-32
Feb,17,23,0,0,72,-32
Feb,18,0,0,0,172,33
Feb,19,0,0,0,122,17
Feb,20,58,0,0,228,44
Feb,21,0,0,0,139,11
Feb,22,0,0,0,167,-5
Feb,23,0,0,0,33,-27
Feb,24,0,0,0,33,-49
Feb,25,0,0,0,0,-71
Feb,26,0,0,0,-21,-116
Feb,27,0,0,0,-16,-71
Feb,28,0,0,0,89,-71
Mar,01,0,0,0,61,-43
Mar,02,81,0,38,-38,-138
Mar,03,0,30,0,-43,-155
Mar,04,0,0,0,39,-99
Mar,05,0,0,0,56,-49
Mar,06,0,0,0,89,-38
Mar,07,0,0,0,167,-27
Mar,08,0,0,0,72,22
Mar,09,0,0,0,150,-16
Mar,10,0,0,0,267,72
Mar,11,173,0,0,283,61
Mar,12,86,0,0,83,11
Mar,13,0,0,0,178,-16
Mar,14,0,0,0,206,56
Mar,15,0,0,0,222,22
Mar,16,0,0,0,89,-27
Mar,17,0,0,0,94,-66
Mar,18,3,0,0,156,17
Mar,19,0,0,0,117,11
Mar,20,0,0,0,206,-5
Mar,21,0,0,0,250,94
Mar,22,0,0,0,106,22
Mar,23,0,0,0,61,-21
Mar,24,0,0,0,44,-32
Mar,25,0,0,3,50,-32
Mar,26,5,0,0,122,-60
Mar,27,43,0,0,167,50
Mar,28,3,0,0,111,50
Mar,29,0,0,0,89,11
Mar,30,0,0,0,189,-10
Mar,31,0,0,0,206,89
Apr,01,18,0,0,161,50
Apr,02,643,0,0,128,78
Apr,03,566,0,0,189,128
Apr,04,0,0,0,150,56
Apr,05,0,0,0,128,39
Apr,06,0,0,0,156,39
Apr,07,168,0,0,117,78
Apr,08,0,0,0,172,72
Apr,09,0,0,0,206,33
Apr,10,0,0,0,289,128
Apr,11,0,0,0,233,122
Apr,12,0,0,0,283,139
Apr,13,124,0,0,244,156
Apr,14,18,0,0,156,17
Apr,15,0,0,0,100,-5
Apr,16,0,0,0,150,39
Apr,17,0,0,0,200,72
Apr,18,0,0,0,222,72
Apr,19,0,0,0,244,89
Apr,20,0,0,0,283,111
Apr,21,23,0,0,244,161
Apr,22,0,0,0,206,106
Apr,23,0,0,0,189,83
Apr,24,127,0,0,272,117
Apr,25,0,0,0,250,100
Apr,26,0,0,0,267,156
Apr,27,150,0,0,272,161
Apr,28,292,0,0,244,161
Apr,29,0,0,0,194,122
Apr,30,0,0,0,150,78
May,01,0,0,0,133,61
May,02,0,0,0,172,89
May,03,0,0,0,250,139
May,04,0,0,0,267,111
May,05,0,0,0,311,139
May,06,0,0,0,306,144
May,07,0,0,0,300,217
May,08,5,0,0,317,217
May,09,0,0,0,272,178
May,10,81,0,0,289,150
May,11,43,0,0,311,172
May,12,43,0,0,317,211
May,13,38,0,0,211,117
May,14,135,0,0,128,89
May,15,89,0,0,178,83
May,16,0,0,0,156,61
May,17,0,0,0,183,56
May,18,0,0,0,206,89
May,19,0,0,0,261,128
May,20,0,0,0,317,172
May,21,33,0,0,317,217
May,22,0,0,0,267,194
May,23,0,0,0,278,183
May,24,0,0,0,278,156
May,25,376,0,0,261,178
May,26,132,0,0,311,200
May,27,0,0,0,306,194
May,28,0,0,0,306,194
May,29,0,0,0,300,211
May,30,0,0,0,300,211
May,31,36,0,0,317,206
Jun,01,0,0,0,322,217
Jun,02,0,0,0,294,239
Jun,03,0,0,0,333,228
Jun,04,221,0,0,294,200
Jun,05,0,0,0,239,183
Jun,06,0,0,0,289,178
Jun,07,168,0,0,261,194
Jun,08,0,0,0,250,178
Jun,09,229,0,0,261,178
Jun,10,109,0,0,267,178
Jun,11,0,0,0,239,172
Jun,12,38,0,0,278,167
Jun,13,0,0,0,244,156
Jun,14,0,0,0,272,133
Jun,15,0,0,0,311,194
Jun,16,0,0,0,333,239
Jun,17,0,0,0,333,256
Jun,18,0,0,0,344,250
Jun,19,0,0,0,350,250
Jun,20,0,0,0,333,239
Jun,21,185,0,0,344,211
Jun,22,0,0,0,306,211
Jun,23,15,0,0,322,228
Jun,24,130,0,0,311,222
Jun,25,0,0,0,322,211
Jun,26,0,0,0,333,222
Jun,27,241,0,0,311,228
Jun,28,0,0,0,322,233
Jun,29,0,0,0,300,239
Jun,30,0,0,0,344,244
Jul,01,5,0,0,317,239
Jul,02,0,0,0,256,167
Jul,03,0,0,0,267,156
Jul,04,0,0,0,289,172
Jul,05,0,0,0,278,172
Jul,06,0,0,0,333,222
Jul,07,0,0,0,333,256
Jul,08,84,0,0,311,200
Jul,09,0,0,0,306,194
Jul,10,0,0,0,294,178
Jul,11,0,0,0,322,189
Jul,12,0,0,0,361,267
Jul,13,28,0,0,333,250
Jul,14,282,0,0,322,194
Jul,15,0,0,0,244,150
Jul,16,0,0,0,261,150
Jul,17,0,0,0,267,161
Jul,18,0,0,0,278,183
Jul,19,0,0,0,289,172
Jul,20,0,0,0,306,183
Jul,21,0,0,0,317,211
Jul,22,0,0,0,339,228
Jul,23,0,0,0,294,206
Jul,24,0,0,0,278,161
Jul,25,5,0,0,272,178
Jul,26,0,0,0,372,228
Jul,27,0,0,0,344,222
Jul,28,0,0,0,272,167
Jul,29,0,0,0,278,150
Jul,30,0,0,0,300,178
Jul,31,0,0,0,300,183
Aug,01,0,0,0,306,200
Aug,02,0,0,0,306,172
Aug,03,0,0,0,317,183
Aug,04,0,0,0,333,217
Aug,05,58,0,0,317,217
Aug,06,290,0,0,317,211
Aug,07,455,0,0,244,217
Aug,08,3,0,0,283,222
Aug,09,3,0,0,278,211
Aug,10,0,0,0,289,222
Aug,11,0,0,0,306,211
Aug,12,0,0,0,278,183
Aug,13,0,0,0,278,161
Aug,14,0,0,0,300,172
Aug,15,23,0,0,306,194
Aug,16,249,0,0,272,217
Aug,17,48,0,0,267,222
Aug,18,0,0,0,317,222
Aug,19,0,0,0,317,228
Aug,20,5,0,0,328,239
Aug,21,0,0,0,356,239
Aug,22,0,0,0,350,261
Aug,23,0,0,0,372,267
Aug,24,0,0,0,367,261
Aug,25,0,0,0,378,272
Aug,26,18,0,0,367,239
Aug,27,46,0,0,350,233
Aug,28,48,0,0,333,222
Aug,29,0,0,0,339,239
Aug,30,41,0,0,311,244
Aug,31,0,0,0,339,228
Sep,01,546,0,0,306,206
Sep,02,53,0,0,289,211
Sep,03,0,0,0,311,194
Sep,04,0,0,0,361,239
Sep,05,3,0,0,361,206
Sep,06,5,0,0,239,172
Sep,07,0,0,0,256,133
Sep,08,0,0,0,283,144
Sep,09,142,0,0,317,217
Sep,10,287,0,0,317,194
Sep,11,0,0,0,194,133
Sep,12,3,0,0,156,111
Sep,13,0,0,0,183,72
Sep,14,0,0,0,228,83
Sep,15,8,0,0,256,144
Sep,16,0,0,0,194,122
Sep,17,20,0,0,194,117
Sep,18,0,0,0,239,156
Sep,19,0,0,0,267,133
Sep,20,0,0,0,306,183
Sep,21,0,0,0,261,139
Sep,22,0,0,0,239,117
Sep,23,0,0,0,239,106
Sep,24,0,0,0,261,117
Sep,25,0,0,0,294,161
Sep,26,0,0,0,289,178
Sep,27,0,0,0,289,167
Sep,28,0,0,0,300,156
Sep,29,0,0,0,311,161
Sep,30,0,0,0,306,161
Oct,01,79,0,0,311,167
Oct,02,312,0,0,250,189
Oct,03,69,0,0,189,78
Oct,04,0,0,0,144,56
Oct,05,0,0,0,239,67
Oct,06,0,0,0,233,144
Oct,07,36,0,0,256,122
Oct,08,0,0,0,256,106
Oct,09,178,0,0,172,139
Oct,10,206,0,0,150,111
Oct,11,0,0,0,139,89
Oct,12,15,0,0,172,111
Oct,13,213,0,0,217,161
Oct,14,48,0,0,172,122
Oct,15,10,0,0,144,106
Oct,16,0,0,0,228,83
Oct,17,0,0,0,206,111
Oct,18,0,0,0,183,78
Oct,19,0,0,0,178,50
Oct,20,0,0,0,233,111
Oct,21,0,0,0,200,89
Oct,22,0,0,0,172,61
Oct,23,0,0,0,183,56
Oct,24,0,0,0,239,106
Oct,25,0,0,0,278,139
Oct,26,0,0,0,256,111
Oct,27,0,0,0,289,172
Oct,28,124,0,0,222,100
Oct,29,0,0,0,150,61
Oct,30,0,0,0,167,39
Oct,31,0,0,0,94,17
Nov,01,0,0,0,100,-5
Nov,02,0,0,0,111,-5
Nov,03,0,0,0,222,83
Nov,04,147,0,0,172,78
Nov,05,0,0,0,172,67
Nov,06,0,0,0,117,33
Nov,07,0,0,0,128,-10
Nov,08,0,0,0,122,28
Nov,09,0,0,0,178,11
Nov,10,0,0,0,228,67
Nov,11,0,0,0,172,6
Nov,12,0,0,0,17,-27
Nov,13,0,0,0,0,-55
Nov,14,0,0,0,22,-71
Nov,15,10,0,18,39,-49
Nov,16,33,0,43,17,-38
Nov,17,0,50,0,-27,-77
Nov,18,0,30,0,-16,-99
Nov,19,0,0,0,72,-38
Nov,20,0,0,0,44,-60
Nov,21,10,0,0,61,-55
Nov,22,25,0,0,156,61
Nov,23,216,0,0,139,117
Nov,24,119,0,0,139,17
Nov,25,0,0,0,56,-27
Nov,26,61,0,36,22,-27
Nov,27,0,30,0,17,-43
Nov,28,0,0,0,111,-32
Nov,29,0,0,0,189,67
Nov,30,3,0,0,222,-10
Dec,01,20,0,3,11,-38
Dec,02,0,0,0,28,-21
Dec,03,0,0,0,89,0
Dec,04,8,0,0,50,11
Dec,05,343,0,0,83,50
Dec,06,0,0,0,61,6
Dec,07,0,0,0,56,-16
Dec,08,0,0,0,94,39
Dec,09,0,0,0,44,11
Dec,10,0,0,0,28,6
Dec,11,0,0,0,56,0
Dec,12,0,0,0,106,0
Dec,13,0,0,0,133,22
Dec,14,0,0,0,172,94
Dec,15,84,0,0,117,72
Dec,16,0,0,0,72,0
Dec,17,0,0,0,39,-5
Dec,18,3,0,3,28,-10
Dec,19,0,0,0,39,0
Dec,20,0,0,0,61,22
Dec,21,0,0,0,72,50
Dec,22,173,0,0,111,44
Dec,23,0,0,0,106,39
Dec,24,5,0,0,61,33
Dec,25,0,0,0,122,17
Dec,26,20,0,0,167,33
Dec,27,36,0,0,100,11
Dec,28,0,0,0,33,-32
Dec,29,0,0,0,44,-60
Dec,30,0,0,0,6,-71
Dec,31,0,0,0,-16,-105
Jan,01,5,0,0,50,-43
Jan,02,8,0,0,50,17
Jan,03,155,0,0,56,28
Jan,04,3,0,0,44,-88
Jan,05,0,0,0,-32,-110
Jan,06,5,0,3,-10,-55
Jan,07,3,0,5,-55,-155
Jan,08,0,0,0,0,-160
Jan,09,0,0,0,0,-105
Jan,10,0,0,0,11,-121
Jan,11,74,0,0,33,0
Jan,12,8,0,0,22,-93
Jan,13,0,0,0,-21,-105
Jan,14,0,0,0,-10,-105
Jan,15,0,0,0,83,-66
Jan,16,0,0,0,117,-43
Jan,17,0,0,0,172,-5
Jan,18,0,0,0,144,22
Jan,19,0,0,0,133,-10
Jan,20,0,0,0,106,-10
Jan,21,0,0,0,89,-16
Jan,22,0,0,0,28,-27
Jan,23,0,0,0,50,-16
Jan,24,0,0,0,128,-10
Jan,25,48,0,0,111,-5
Jan,26,0,0,0,56,-38
Jan,27,0,0,0,78,-16
Jan,28,0,0,0,111,-21
Jan,29,0,0,0,122,22
Jan,30,0,0,0,50,-21
Jan,31,0,0,0,83,0
Feb,01,168,0,5,56,-55
Feb,02,0,0,0,-16,-77
Feb,03,0,0,0,100,-49
Feb,04,15,0,18,50,-88
Feb,05,0,30,0,-21,-138
Feb,06,0,0,0,122,-49
Feb,07,0,0,0,217,11
Feb,08,0,0,0,200,50
Feb,09,0,0,0,50,-5
Feb,10,0,0,0,67,-21
Feb,11,0,0,0,56,-16
Feb,12,0,0,3,-16,-105
Feb,13,0,0,0,56,-71
Feb,14,3,0,0,33,-110
Feb,15,36,0,43,-66,-116
Feb,16,64,80,74,-60,-132
Feb,17,5,80,8,17,-121
Feb,18,3,80,0,-55,-143
Feb,19,0,50,0,-77,-171
Feb,20,36,50,10,-21,-110
Feb,21,23,80,25,50,-21
Feb,22,0,50,0,22,-105
Feb,23,0,30,0,-88,-149
Feb,24,0,0,0,61,-110
Feb,25,0,0,0,72,-55
Feb,26,13,0,18,6,-127
Feb,27,0,30,0,-66,-166
Feb,28,79,0,99,-21,-93
Mar,01,10,130,15,0,-71
Mar,02,0,100,0,17,-105
Mar,03,30,50,0,89,0
Mar,04,3,0,0,28,-66
Mar,05,0,0,0,-32,-93
Mar,06,0,0,0,106,-93
Mar,07,0,0,0,194,39
Mar,08,0,0,0,172,17
Mar,09,0,0,0,144,11
Mar,10,51,0,0,139,56
Mar,11,0,0,0,239,22
Mar,12,5,0,0,200,50
Mar,13,279,0,0,122,89
Mar,14,38,0,0,172,72
Mar,15,0,0,0,233,33
Mar,16,0,0,0,283,83
Mar,17,0,0,0,200,50
Mar,18,8,0,0,83,39
Mar,19,0,0,0,106,44
Mar,20,0,0,0,139,56
Mar,21,0,0,0,206,56
Mar,22,0,0,0,183,72
Mar,23,33,0,0,200,28
Mar,24,150,0,0,83,11
Mar,25,132,0,0,156,78
Mar,26,18,0,0,106,33
Mar,27,0,0,0,67,-10
Mar,28,0,0,0,78,-21
Mar,29,5,0,0,161,17
Mar,30,0,0,0,222,33
Mar,31,0,0,0,250,100
Apr,01,0,0,0,256,100
Apr,02,155,0,0,239,161
Apr,03,76,0,0,161,56
Apr,04,0,0,0,172,0
Apr,05,0,0,0,206,61
Apr,06,3,0,0,194,133
Apr,07,447,0,0,228,167
Apr,08,122,0,0,250,172
Apr,09,290,0,0,289,117
Apr,10,0,0,0,217,72
Apr,11,0,0,0,200,61
Apr,12,0,0,0,250,122
Apr,13,15,0,0,217,150
Apr,14,0,0,0,206,133
Apr,15,0,0,0,211,122
Apr,16,0,0,0,261,111
Apr,17,0,0,0,267,144
Apr,18,0,0,0,261,150
Apr,19,196,0,0,194,139
Apr,20,0,0,0,144,89
Apr,21,0,0,0,200,83
Apr,22,0,0,0,150,61
Apr,23,0,0,0,189,33
Apr,24,0,0,0,194,72
Apr,25,74,0,0,217,100
Apr,26,0,0,0,178,89
Apr,27,0,0,0,194,56
Apr,28,0,0,0,211,61
Apr,29,0,0,0,244,78
Apr,30,0,0,0,222,100
May,01,0,0,0,222,67
May,02,0,0,0,267,128
May,03,0,0,0,294,178
May,04,3,0,0,300,200
May,05,0,0,0,294,194
May,06,0,0,0,306,194
May,07,0,0,0,300,200
May,08,76,0,0,250,189
May,09,81,0,0,228,183
May,10,140,0,0,289,189
May,11,140,0,0,239,139
May,12,0,0,0,211,111
May,13,0,0,0,217,100
May,14,13,0,0,250,144
May,15,89,0,0,294,194
May,16,23,0,0,261,206
May,17,38,0,0,283,189
May,18,0,0,0,294,150
May,19,0,0,0,194,89
May,20,61,0,0,139,89
May,21,0,0,0,194,78
May,22,0,0,0,244,117
May,23,0,0,0,261,172
May,24,61,0,0,306,183
May,25,0,0,0,300,211
May,26,38,0,0,272,200
May,27,0,0,0,294,200
May,28,0,0,0,300,167
May,29,20,0,0,300,217
May,30,137,0,0,239,150
May,31,0,0,0,156,122
Jun,01,0,0,0,194,139
Jun,02,0,0,0,233,150
Jun,03,0,0,0,250,156
Jun,04,25,0,0,256,194
Jun,05,483,0,0,306,200
Jun,06,0,0,0,294,167
Jun,07,15,0,0,344,222
Jun,08,335,0,0,306,211
Jun,09,0,0,0,333,200
Jun,10,0,0,0,350,228
Jun,11,0,0,0,339,228
Jun,12,18,0,0,339,239
Jun,13,5,0,0,322,239
Jun,14,617,0,0,283,233
Jun,15,28,0,0,322,233
Jun,16,191,0,0,289,228
Jun,17,20,0,0,267,228
Jun,18,221,0,0,272,228
Jun,19,338,0,0,244,222
Jun,20,0,0,0,322,217
Jun,21,97,0,0,317,211
Jun,22,0,0,0,339,244
Jun,23,0,0,0,311,217
Jun,24,0,0,0,306,206
Jun,25,399,0,0,350,217
Jun,26,282,0,0,283,211
Jun,27,0,0,0,278,194
Jun,28,259,0,0,289,189
Jun,29,5,0,0,294,211
Jun,30,0,0,0,300,211
Jul,01,218,0,0,306,222
Jul,02,10,0,0,256,183
Jul,03,0,0,0,283,194
Jul,04,0,0,0,289,200
Jul,05,0,0,0,317,194
Jul,06,36,0,0,322,233
Jul,07,15,0,0,272,189
Jul,08,257,0,0,233,156
Jul,09,0,0,0,261,172
Jul,10,196,0,0,267,194
Jul,11,0,0,0,344,228
Jul,12,0,0,0,356,233
Jul,13,0,0,0,372,267
Jul,14,0,0,0,361,267
Jul,15,0,0,0,306,222
Jul,16,0,0,0,333,239
Jul,17,0,0,0,350,272
Jul,18,0,0,0,344,289
Jul,19,114,0,0,306,228
Jul,20,142,0,0,294,228
Jul,21,0,0,0,294,222
Jul,22,0,0,0,294,206
Jul,23,0,0,0,311,222
Jul,24,0,0,0,333,217
Jul,25,0,0,0,333,261
Jul,26,53,0,0,322,228
Jul,27,8,0,0,361,256
Jul,28,0,0,0,378,244
Jul,29,0,0,0,328,228
Jul,30,0,0,0,333,206
Jul,31,0,0,0,344,217
Aug,01,0,0,0,333,228
Aug,02,0,0,0,356,244
Aug,03,0,0,0,344,244
Aug,04,0,0,0,333,239
Aug,05,826,0,0,289,222
Aug,06,0,0,0,300,217
Aug,07,0,0,0,311,200
Aug,08,0,0,0,328,228
Aug,09,378,0,0,328,233
Aug,10,13,0,0,322,233
Aug,11,0,0,0,306,217
Aug,12,0,0,0,311,206
Aug,13,0,0,0,317,200
Aug,14,0,0,0,322,228
Aug,15,0,0,0,328,222
Aug,16,0,0,0,328,228
Aug,17,15,0,0,328,239
Aug,18,114,0,0,328,206
Aug,19,117,0,0,233,172
Aug,20,0,0,0,283,156
Aug,21,0,0,0,283,172
Aug,22,231,0,0,256,183
Aug,23,0,0,0,272,183
Aug,24,0,0,0,272,139
Aug,25,0,0,0,267,144
Aug,26,0,0,0,267,150
Aug,27,0,0,0,267,150
Aug,28,0,0,0,283,172
Aug,29,0,0,0,289,222
Aug,30,0,0,0,317,228
Aug,31,0,0,0,328,239
Sep,01,0,0,0,339,239
Sep,02,0,0,0,344,239
Sep,03,0,0,0,344,244
Sep,04,0,0,0,356,244
Sep,05,0,0,0,339,233
Sep,06,0,0,0,356,244
Sep,07,0,0,0,328,250
Sep,08,343,0,0,328,211
Sep,09,28,0,0,300,222
Sep,10,81,0,0,311,206
Sep,11,76,0,0,250,150
Sep,12,0,0,0,211,122
Sep,13,0,0,0,239,106
Sep,14,0,0,0,283,156
Sep,15,0,0,0,294,156
Sep,16,0,0,0,306,167
Sep,17,0,0,0,328,217
Sep,18,0,0,0,333,244
Sep,19,0,0,0,272,150
Sep,20,0,0,0,244,139
Sep,21,0,0,0,261,133
Sep,22,0,0,0,283,150
Sep,23,0,0,0,294,150
Sep,24,0,0,0,294,156
Sep,25,0,0,0,300,156
Sep,26,0,0,0,250,167
Sep,27,0,0,0,250,200
Sep,28,0,0,0,289,189
Sep,29,262,0,0,261,172
Sep,30,0,0,0,222,133
Oct,01,0,0,0,206,94
Oct,02,0,0,0,211,94
Oct,03,0,0,0,156,83
Oct,04,0,0,0,156,100
Oct,05,0,0,0,222,122
Oct,06,0,0,0,250,161
Oct,07,0,0,0,239,167
Oct,08,0,0,0,294,150
Oct,09,0,0,0,211,122
Oct,10,0,0,0,217,100
Oct,11,0,0,0,272,122
Oct,12,0,0,0,272,178
Oct,13,0,0,0,233,117
Oct,14,0,0,0,244,94
Oct,15,0,0,0,272,100
Oct,16,0,0,0,183,72
Oct,17,0,0,0,133,44
Oct,18,0,0,0,172,22
Oct,19,0,0,0,261,100
Oct,20,0,0,0,272,133
Oct,21,3,0,0,300,150
Oct,22,0,0,0,283,161
Oct,23,3,0,0,244,178
Oct,24,0,0,0,217,111
Oct,25,0,0,0,178,83
Oct,26,0,0,0,211,72
Oct,27,183,0,0,167,128
Oct,28,5,0,0,161,83
Oct,29,0,0,0,144,50
Oct,30,0,0,0,144,33
Oct,31,56,0,0,167,100
Nov,01,0,0,0,222,83
Nov,02,0,0,0,217,78
Nov,03,0,0,0,189,117
Nov,04,0,0,0,211,150
Nov,05,348,0,0,206,156
Nov,06,0,0,0,200,89
Nov,07,0,0,0,150,50
Nov,08,0,0,0,139,22
Nov,09,0,0,0,156,17
Nov,10,0,0,0,183,17
Nov,11,43,0,0,200,100
Nov,12,0,0,0,161,78
Nov,13,0,0,0,156,33
Nov,14,0,0,0,217,17
Nov,15,0,0,0,200,67
Nov,16,264,0,0,139,100
Nov,17,470,0,0,206,122
Nov,18,10,0,0,189,100
Nov,19,0,0,0,133,22
Nov,20,5,0,0,122,6
Nov,21,132,0,0,83,-38
Nov,22,0,0,0,61,-49
Nov,23,0,0,0,161,17
Nov,24,0,0,0,183,17
Nov,25,3,0,0,156,50
Nov,26,0,0,0,222,150
Nov,27,315,0,0,189,44
Nov,28,3,0,0,44,28
Nov,29,23,0,0,56,39
Nov,30,30,0,0,89,44
Dec,01,0,0,0,117,22
Dec,02,3,0,0,72,11
Dec,03,0,0,0,94,0
Dec,04,0,0,0,122,-10
Dec,05,0,0,0,122,-16
Dec,06,0,0,0,111,0
Dec,07,0,0,0,100,33
Dec,08,0,0,0,172,39
Dec,09,0,0,0,161,72
Dec,10,0,0,0,211,50
Dec,11,0,0,0,172,11
Dec,12,0,0,0,222,117
Dec,13,188,0,0,200,144
Dec,14,97,0,0,144,72
Dec,15,0,0,0,94,67
Dec,16,36,0,0,156,22
Dec,17,0,0,0,33,0
Dec,18,0,0,0,56,-16
Dec,19,0,0,0,83,-32
Dec,20,3,0,0,139,56
Dec,21,66,0,0,194,67
Dec,22,0,0,0,122,50
Dec,23,259,0,0,178,67
Dec,24,0,0,0,111,17
Dec,25,0,0,0,111,33
Dec,26,1237,0,0,122,67
Dec,27,437,0,0,83,33
Dec,28,658,0,0,89,28
Dec,29,0,0,0,28,0
